"name","eval_dataset","seed","sample","ranker","eval_type","entry_id","entity_id_1","entity_id_2","chain_id_1","chain_id_2","cluster_id","lddt"
"boltz-gs","dsDNA_Protein","101","2","best","dsDNA_Protein","7eds","1","2","A","B","5",0.141494482755661
"boltz-gs","dsDNA_Protein","101","0","best","dsDNA_Protein","7n5u","1","2","A","B","125",0.5662328004837036
"boltz-gs","dsDNA_Protein","101","2","best","dsDNA_Protein","7n5v","1","2","A","D","20",0.6410161852836609
"boltz-gs","dsDNA_Protein","101","1","best","dsDNA_Protein","7n5w","1","2","A","B","50",0.391732394695282
"boltz-gs","dsDNA_Protein","101","3","best","dsDNA_Protein","7r6r","1","2","A","B","150",0.719399094581604
"boltz-gs","dsDNA_Protein","101","3","best","dsDNA_Protein","7rcd","1","2","A","B","130",0.7820333242416382
"boltz-gs","dsDNA_Protein","101","2","best","dsDNA_Protein","7rce","1","2","A","B","90",0.6352270841598511
"boltz-gs","dsDNA_Protein","101","0","best","dsDNA_Protein","7rcf","1","2","A","B","65",0.6603496074676514
"boltz-gs","dsDNA_Protein","101","0","best","dsDNA_Protein","7rcg","1","2","A","B","25",0.6519396305084229
"boltz-gs","dsDNA_Protein","101","0","best","dsDNA_Protein","7rss","1","2","A","B","135",0.7980664372444153
"boltz-gs","dsDNA_Protein","101","0","best","dsDNA_Protein","7t18","1","3","A","C","145",0.884602427482605
"boltz-gs","dsDNA_Protein","101","0","best","dsDNA_Protein","7t1a","1","3","A","C","10",0.8928652405738831
"boltz-gs","dsDNA_Protein","101","1","best","dsDNA_Protein","7t1b","1","3","A","C","0",0.8782154321670532
"boltz-gs","dsDNA_Protein","101","3","best","dsDNA_Protein","7tdw","1","2","A","B","75",0.7413837313652039
"boltz-gs","dsDNA_Protein","101","0","best","dsDNA_Protein","7tdx","1","3","A","C","165",0.7759309411048889
"boltz-gs","dsDNA_Protein","101","0","best","dsDNA_Protein","7txc","1","3","A","C","120",0.5480407476425171
"boltz-gs","dsDNA_Protein","101","3","best","dsDNA_Protein","7tz1","1","2","A","B","15",0.7116376161575317
"boltz-gs","dsDNA_Protein","101","1","best","dsDNA_Protein","7u76","1","2","A","B","35",0.8873716592788696
"boltz-gs","dsDNA_Protein","101","1","best","dsDNA_Protein","7u79","1","2","A","B","110",0.852213442325592
"boltz-gs","dsDNA_Protein","101","1","best","dsDNA_Protein","7u7a","1","2","A","B","30",0.8752288818359375
"boltz-gs","dsDNA_Protein","101","1","best","dsDNA_Protein","7u7b","1","2","A","B","70",0.8652157783508301
"boltz-gs","dsDNA_Protein","101","1","best","dsDNA_Protein","7u7c","1","2","A","B","40",0.8726708889007568
"boltz-gs","dsDNA_Protein","101","1","best","dsDNA_Protein","7u7f","1","2","A","B","105",0.8695430159568787
"boltz-gs","dsDNA_Protein","101","1","best","dsDNA_Protein","7u7g","1","2","A","B","95",0.874549388885498
"boltz-gs","dsDNA_Protein","101","1","best","dsDNA_Protein","7u7i","1","2","A","B","140",0.863985002040863
"boltz-gs","dsDNA_Protein","101","1","best","dsDNA_Protein","7u7j","1","2","A","B","55",0.8649007081985474
"boltz-gs","dsDNA_Protein","101","1","best","dsDNA_Protein","7u7k","1","2","A","B","80",0.8749358057975769
"boltz-gs","dsDNA_Protein","101","1","best","dsDNA_Protein","7u7l","1","2","A","B","155",0.8586664199829102
"boltz-gs","dsDNA_Protein","101","3","best","dsDNA_Protein","7ubl","1","2","A","B","160",0.7392033934593201
"boltz-gs","dsDNA_Protein","101","3","best","dsDNA_Protein","7vou","1","3","A","C","85",0.8072289228439331
"boltz-gs","dsDNA_Protein","101","2","best","dsDNA_Protein","7yho","1","2","A","B","60",0.31385287642478943
"boltz-gs","dsDNA_Protein","101","0","best","dsDNA_Protein","7yze","1","2","A","B","100",0.8521872758865356
"boltz-gs","dsDNA_Protein","101","1","best","dsDNA_Protein","7yzf","1","3","A","C","45",0.8344311714172363
"boltz-gs","dsDNA_Protein","101","4","best","dsDNA_Protein","7yzg","1","2","A","B","115",0.7428545951843262
"boltz-gs","dsDNA_Protein","101","2","best","dsDNA_Protein","7z0u","1","2","A","B","170",0.7041970491409302
"boltz-gs","dsDNA_Protein","101","3","worst","dsDNA_Protein","7eds","1","2","A","B","5",0.11636790633201599
"boltz-gs","dsDNA_Protein","101","1","worst","dsDNA_Protein","7n5u","1","2","A","B","125",0.5347986221313477
"boltz-gs","dsDNA_Protein","101","1","worst","dsDNA_Protein","7n5v","1","2","A","D","20",0.6217191219329834
"boltz-gs","dsDNA_Protein","101","4","worst","dsDNA_Protein","7n5w","1","2","A","B","50",0.35653477907180786
"boltz-gs","dsDNA_Protein","101","2","worst","dsDNA_Protein","7r6r","1","2","A","B","150",0.6818302869796753
"boltz-gs","dsDNA_Protein","101","2","worst","dsDNA_Protein","7rcd","1","2","A","B","130",0.7511152029037476
"boltz-gs","dsDNA_Protein","101","3","worst","dsDNA_Protein","7rce","1","2","A","B","90",0.36926957964897156
"boltz-gs","dsDNA_Protein","101","3","worst","dsDNA_Protein","7rcf","1","2","A","B","65",0.28923702239990234
"boltz-gs","dsDNA_Protein","101","4","worst","dsDNA_Protein","7rcg","1","2","A","B","25",0.22645923495292664
"boltz-gs","dsDNA_Protein","101","3","worst","dsDNA_Protein","7rss","1","2","A","B","135",0.6025220155715942
"boltz-gs","dsDNA_Protein","101","3","worst","dsDNA_Protein","7t18","1","3","A","C","145",0.7131397724151611
"boltz-gs","dsDNA_Protein","101","3","worst","dsDNA_Protein","7t1a","1","3","A","C","10",0.7295593023300171
"boltz-gs","dsDNA_Protein","101","3","worst","dsDNA_Protein","7t1b","1","3","A","C","0",0.7147599458694458
"boltz-gs","dsDNA_Protein","101","4","worst","dsDNA_Protein","7tdw","1","2","A","B","75",0.6780560612678528
"boltz-gs","dsDNA_Protein","101","2","worst","dsDNA_Protein","7tdx","1","3","A","C","165",0.7037643790245056
"boltz-gs","dsDNA_Protein","101","4","worst","dsDNA_Protein","7txc","1","3","A","C","120",0.45093581080436707
"boltz-gs","dsDNA_Protein","101","4","worst","dsDNA_Protein","7tz1","1","2","A","B","15",0.6671050190925598
"boltz-gs","dsDNA_Protein","101","2","worst","dsDNA_Protein","7u76","1","2","A","B","35",0.6672040224075317
"boltz-gs","dsDNA_Protein","101","4","worst","dsDNA_Protein","7u79","1","2","A","B","110",0.6300845146179199
"boltz-gs","dsDNA_Protein","101","4","worst","dsDNA_Protein","7u7a","1","2","A","B","30",0.6711341142654419
"boltz-gs","dsDNA_Protein","101","3","worst","dsDNA_Protein","7u7b","1","2","A","B","70",0.6559547185897827
"boltz-gs","dsDNA_Protein","101","4","worst","dsDNA_Protein","7u7c","1","2","A","B","40",0.6532132625579834
"boltz-gs","dsDNA_Protein","101","2","worst","dsDNA_Protein","7u7f","1","2","A","B","105",0.6360257863998413
"boltz-gs","dsDNA_Protein","101","2","worst","dsDNA_Protein","7u7g","1","2","A","B","95",0.6478167772293091
"boltz-gs","dsDNA_Protein","101","2","worst","dsDNA_Protein","7u7i","1","2","A","B","140",0.6435799598693848
"boltz-gs","dsDNA_Protein","101","2","worst","dsDNA_Protein","7u7j","1","2","A","B","55",0.6366550922393799
"boltz-gs","dsDNA_Protein","101","2","worst","dsDNA_Protein","7u7k","1","2","A","B","80",0.6545881628990173
"boltz-gs","dsDNA_Protein","101","3","worst","dsDNA_Protein","7u7l","1","2","A","B","155",0.661065936088562
"boltz-gs","dsDNA_Protein","101","1","worst","dsDNA_Protein","7ubl","1","2","A","B","160",0.7042512893676758
"boltz-gs","dsDNA_Protein","101","4","worst","dsDNA_Protein","7vou","1","3","A","C","85",0.7911347150802612
"boltz-gs","dsDNA_Protein","101","3","worst","dsDNA_Protein","7yho","1","2","A","B","60",0.19555962085723877
"boltz-gs","dsDNA_Protein","101","4","worst","dsDNA_Protein","7yze","1","2","A","B","100",0.8256843090057373
"boltz-gs","dsDNA_Protein","101","3","worst","dsDNA_Protein","7yzf","1","3","A","C","45",0.7648061513900757
"boltz-gs","dsDNA_Protein","101","3","worst","dsDNA_Protein","7yzg","1","2","A","B","115",0.6948059797286987
"boltz-gs","dsDNA_Protein","101","0","worst","dsDNA_Protein","7z0u","1","2","A","B","170",0.6750727891921997
"boltz-gs","dsDNA_Protein","101","3","rand","dsDNA_Protein","7eds","1","2","A","B","5",0.11636790633201599
"boltz-gs","dsDNA_Protein","101","3","rand","dsDNA_Protein","7n5u","1","2","A","B","125",0.5631449222564697
"boltz-gs","dsDNA_Protein","101","3","rand","dsDNA_Protein","7n5v","1","2","A","D","20",0.6315338611602783
"boltz-gs","dsDNA_Protein","101","0","rand","dsDNA_Protein","7n5w","1","2","A","B","50",0.38073408603668213
"boltz-gs","dsDNA_Protein","101","2","rand","dsDNA_Protein","7r6r","1","2","A","B","150",0.6818302869796753
"boltz-gs","dsDNA_Protein","101","1","rand","dsDNA_Protein","7rcd","1","2","A","B","130",0.7585821151733398
"boltz-gs","dsDNA_Protein","101","1","rand","dsDNA_Protein","7rce","1","2","A","B","90",0.6306689381599426
"boltz-gs","dsDNA_Protein","101","1","rand","dsDNA_Protein","7rcf","1","2","A","B","65",0.6259455680847168
"boltz-gs","dsDNA_Protein","101","1","rand","dsDNA_Protein","7rcg","1","2","A","B","25",0.6293092966079712
"boltz-gs","dsDNA_Protein","101","1","rand","dsDNA_Protein","7rss","1","2","A","B","135",0.6337329149246216
"boltz-gs","dsDNA_Protein","101","3","rand","dsDNA_Protein","7t18","1","3","A","C","145",0.7131397724151611
"boltz-gs","dsDNA_Protein","101","0","rand","dsDNA_Protein","7t1a","1","3","A","C","10",0.8928652405738831
"boltz-gs","dsDNA_Protein","101","1","rand","dsDNA_Protein","7t1b","1","3","A","C","0",0.8782154321670532
"boltz-gs","dsDNA_Protein","101","3","rand","dsDNA_Protein","7tdw","1","2","A","B","75",0.7413837313652039
"boltz-gs","dsDNA_Protein","101","0","rand","dsDNA_Protein","7tdx","1","3","A","C","165",0.7759309411048889
"boltz-gs","dsDNA_Protein","101","1","rand","dsDNA_Protein","7txc","1","3","A","C","120",0.5230872631072998
"boltz-gs","dsDNA_Protein","101","4","rand","dsDNA_Protein","7tz1","1","2","A","B","15",0.6671050190925598
"boltz-gs","dsDNA_Protein","101","0","rand","dsDNA_Protein","7u76","1","2","A","B","35",0.8787738084793091
"boltz-gs","dsDNA_Protein","101","3","rand","dsDNA_Protein","7u79","1","2","A","B","110",0.8396609425544739
"boltz-gs","dsDNA_Protein","101","4","rand","dsDNA_Protein","7u7a","1","2","A","B","30",0.6711341142654419
"boltz-gs","dsDNA_Protein","101","2","rand","dsDNA_Protein","7u7b","1","2","A","B","70",0.8240525722503662
"boltz-gs","dsDNA_Protein","101","0","rand","dsDNA_Protein","7u7c","1","2","A","B","40",0.8616368770599365
"boltz-gs","dsDNA_Protein","101","1","rand","dsDNA_Protein","7u7f","1","2","A","B","105",0.8695430159568787
"boltz-gs","dsDNA_Protein","101","4","rand","dsDNA_Protein","7u7g","1","2","A","B","95",0.8301597833633423
"boltz-gs","dsDNA_Protein","101","1","rand","dsDNA_Protein","7u7i","1","2","A","B","140",0.863985002040863
"boltz-gs","dsDNA_Protein","101","4","rand","dsDNA_Protein","7u7j","1","2","A","B","55",0.8193987607955933
"boltz-gs","dsDNA_Protein","101","3","rand","dsDNA_Protein","7u7k","1","2","A","B","80",0.8637375831604004
"boltz-gs","dsDNA_Protein","101","2","rand","dsDNA_Protein","7u7l","1","2","A","B","155",0.8114558458328247
"boltz-gs","dsDNA_Protein","101","1","rand","dsDNA_Protein","7ubl","1","2","A","B","160",0.7042512893676758
"boltz-gs","dsDNA_Protein","101","0","rand","dsDNA_Protein","7vou","1","3","A","C","85",0.7962513566017151
"boltz-gs","dsDNA_Protein","101","2","rand","dsDNA_Protein","7yho","1","2","A","B","60",0.31385287642478943
"boltz-gs","dsDNA_Protein","101","3","rand","dsDNA_Protein","7yze","1","2","A","B","100",0.8398510217666626
"boltz-gs","dsDNA_Protein","101","0","rand","dsDNA_Protein","7yzf","1","3","A","C","45",0.818479061126709
"boltz-gs","dsDNA_Protein","101","3","rand","dsDNA_Protein","7yzg","1","2","A","B","115",0.6948059797286987
"boltz-gs","dsDNA_Protein","101","1","rand","dsDNA_Protein","7z0u","1","2","A","B","170",0.7035060524940491
"boltz-gs","dsDNA_Protein","101","0","median","dsDNA_Protein","7eds","1","2","A","B","5",0.1323287934064865
"boltz-gs","dsDNA_Protein","101","2","median","dsDNA_Protein","7n5u","1","2","A","B","125",0.5619416236877441
"boltz-gs","dsDNA_Protein","101","3","median","dsDNA_Protein","7n5v","1","2","A","D","20",0.6315338611602783
"boltz-gs","dsDNA_Protein","101","0","median","dsDNA_Protein","7n5w","1","2","A","B","50",0.38073408603668213
"boltz-gs","dsDNA_Protein","101","1","median","dsDNA_Protein","7r6r","1","2","A","B","150",0.6921778917312622
"boltz-gs","dsDNA_Protein","101","4","median","dsDNA_Protein","7rcd","1","2","A","B","130",0.7647227048873901
"boltz-gs","dsDNA_Protein","101","0","median","dsDNA_Protein","7rce","1","2","A","B","90",0.6060085892677307
"boltz-gs","dsDNA_Protein","101","1","median","dsDNA_Protein","7rcf","1","2","A","B","65",0.6259455680847168
"boltz-gs","dsDNA_Protein","101","2","median","dsDNA_Protein","7rcg","1","2","A","B","25",0.622581958770752
"boltz-gs","dsDNA_Protein","101","1","median","dsDNA_Protein","7rss","1","2","A","B","135",0.6337329149246216
"boltz-gs","dsDNA_Protein","101","2","median","dsDNA_Protein","7t18","1","3","A","C","145",0.8494136333465576
"boltz-gs","dsDNA_Protein","101","1","median","dsDNA_Protein","7t1a","1","3","A","C","10",0.8480238914489746
"boltz-gs","dsDNA_Protein","101","0","median","dsDNA_Protein","7t1b","1","3","A","C","0",0.8531465530395508
"boltz-gs","dsDNA_Protein","101","1","median","dsDNA_Protein","7tdw","1","2","A","B","75",0.7216463088989258
"boltz-gs","dsDNA_Protein","101","1","median","dsDNA_Protein","7tdx","1","3","A","C","165",0.723416805267334
"boltz-gs","dsDNA_Protein","101","2","median","dsDNA_Protein","7txc","1","3","A","C","120",0.5211173295974731
"boltz-gs","dsDNA_Protein","101","1","median","dsDNA_Protein","7tz1","1","2","A","B","15",0.6789359450340271
"boltz-gs","dsDNA_Protein","101","3","median","dsDNA_Protein","7u76","1","2","A","B","35",0.8663382530212402
"boltz-gs","dsDNA_Protein","101","0","median","dsDNA_Protein","7u79","1","2","A","B","110",0.8351710438728333
"boltz-gs","dsDNA_Protein","101","0","median","dsDNA_Protein","7u7a","1","2","A","B","30",0.8645751476287842
"boltz-gs","dsDNA_Protein","101","0","median","dsDNA_Protein","7u7b","1","2","A","B","70",0.8519882559776306
"boltz-gs","dsDNA_Protein","101","3","median","dsDNA_Protein","7u7c","1","2","A","B","40",0.8575406074523926
"boltz-gs","dsDNA_Protein","101","3","median","dsDNA_Protein","7u7f","1","2","A","B","105",0.8541939854621887
"boltz-gs","dsDNA_Protein","101","3","median","dsDNA_Protein","7u7g","1","2","A","B","95",0.8620343208312988
"boltz-gs","dsDNA_Protein","101","3","median","dsDNA_Protein","7u7i","1","2","A","B","140",0.849994421005249
"boltz-gs","dsDNA_Protein","101","3","median","dsDNA_Protein","7u7j","1","2","A","B","55",0.8496185541152954
"boltz-gs","dsDNA_Protein","101","3","median","dsDNA_Protein","7u7k","1","2","A","B","80",0.8637375831604004
"boltz-gs","dsDNA_Protein","101","4","median","dsDNA_Protein","7u7l","1","2","A","B","155",0.8428410887718201
"boltz-gs","dsDNA_Protein","101","2","median","dsDNA_Protein","7ubl","1","2","A","B","160",0.7238289713859558
"boltz-gs","dsDNA_Protein","101","2","median","dsDNA_Protein","7vou","1","3","A","C","85",0.8008466958999634
"boltz-gs","dsDNA_Protein","101","4","median","dsDNA_Protein","7yho","1","2","A","B","60",0.2582596242427826
"boltz-gs","dsDNA_Protein","101","1","median","dsDNA_Protein","7yze","1","2","A","B","100",0.8438730835914612
"boltz-gs","dsDNA_Protein","101","0","median","dsDNA_Protein","7yzf","1","3","A","C","45",0.818479061126709
"boltz-gs","dsDNA_Protein","101","0","median","dsDNA_Protein","7yzg","1","2","A","B","115",0.7405644655227661
"boltz-gs","dsDNA_Protein","101","3","median","dsDNA_Protein","7z0u","1","2","A","B","170",0.6925567388534546
"boltz-gs","dsDNA_Protein","101","0","mean","dsDNA_Protein","7eds","1","2","A","B","5",0.1323287934064865
"boltz-gs","dsDNA_Protein","101","4","mean","dsDNA_Protein","7n5u","1","2","A","B","125",0.5551265478134155
"boltz-gs","dsDNA_Protein","101","3","mean","dsDNA_Protein","7n5v","1","2","A","D","20",0.6315338611602783
"boltz-gs","dsDNA_Protein","101","3","mean","dsDNA_Protein","7n5w","1","2","A","B","50",0.3800833821296692
"boltz-gs","dsDNA_Protein","101","1","mean","dsDNA_Protein","7r6r","1","2","A","B","150",0.6921778917312622
"boltz-gs","dsDNA_Protein","101","4","mean","dsDNA_Protein","7rcd","1","2","A","B","130",0.7647227048873901
"boltz-gs","dsDNA_Protein","101","4","mean","dsDNA_Protein","7rce","1","2","A","B","90",0.5144788026809692
"boltz-gs","dsDNA_Protein","101","1","mean","dsDNA_Protein","7rcf","1","2","A","B","65",0.6259455680847168
"boltz-gs","dsDNA_Protein","101","3","mean","dsDNA_Protein","7rcg","1","2","A","B","25",0.5700839757919312
"boltz-gs","dsDNA_Protein","101","2","mean","dsDNA_Protein","7rss","1","2","A","B","135",0.6817682981491089
"boltz-gs","dsDNA_Protein","101","4","mean","dsDNA_Protein","7t18","1","3","A","C","145",0.815933883190155
"boltz-gs","dsDNA_Protein","101","2","mean","dsDNA_Protein","7t1a","1","3","A","C","10",0.801170825958252
"boltz-gs","dsDNA_Protein","101","4","mean","dsDNA_Protein","7t1b","1","3","A","C","0",0.8162212371826172
"boltz-gs","dsDNA_Protein","101","1","mean","dsDNA_Protein","7tdw","1","2","A","B","75",0.7216463088989258
"boltz-gs","dsDNA_Protein","101","1","mean","dsDNA_Protein","7tdx","1","3","A","C","165",0.723416805267334
"boltz-gs","dsDNA_Protein","101","3","mean","dsDNA_Protein","7txc","1","3","A","C","120",0.5208216309547424
"boltz-gs","dsDNA_Protein","101","1","mean","dsDNA_Protein","7tz1","1","2","A","B","15",0.6789359450340271
"boltz-gs","dsDNA_Protein","101","4","mean","dsDNA_Protein","7u76","1","2","A","B","35",0.8424121141433716
"boltz-gs","dsDNA_Protein","101","2","mean","dsDNA_Protein","7u79","1","2","A","B","110",0.8076136708259583
"boltz-gs","dsDNA_Protein","101","2","mean","dsDNA_Protein","7u7a","1","2","A","B","30",0.8333249092102051
"boltz-gs","dsDNA_Protein","101","2","mean","dsDNA_Protein","7u7b","1","2","A","B","70",0.8240525722503662
"boltz-gs","dsDNA_Protein","101","2","mean","dsDNA_Protein","7u7c","1","2","A","B","40",0.8307115435600281
"boltz-gs","dsDNA_Protein","101","4","mean","dsDNA_Protein","7u7f","1","2","A","B","105",0.8204503655433655
"boltz-gs","dsDNA_Protein","101","4","mean","dsDNA_Protein","7u7g","1","2","A","B","95",0.8301597833633423
"boltz-gs","dsDNA_Protein","101","4","mean","dsDNA_Protein","7u7i","1","2","A","B","140",0.8176060914993286
"boltz-gs","dsDNA_Protein","101","4","mean","dsDNA_Protein","7u7j","1","2","A","B","55",0.8193987607955933
"boltz-gs","dsDNA_Protein","101","4","mean","dsDNA_Protein","7u7k","1","2","A","B","80",0.8307052254676819
"boltz-gs","dsDNA_Protein","101","2","mean","dsDNA_Protein","7u7l","1","2","A","B","155",0.8114558458328247
"boltz-gs","dsDNA_Protein","101","2","mean","dsDNA_Protein","7ubl","1","2","A","B","160",0.7238289713859558
"boltz-gs","dsDNA_Protein","101","2","mean","dsDNA_Protein","7vou","1","3","A","C","85",0.8008466958999634
"boltz-gs","dsDNA_Protein","101","4","mean","dsDNA_Protein","7yho","1","2","A","B","60",0.2582596242427826
"boltz-gs","dsDNA_Protein","101","3","mean","dsDNA_Protein","7yze","1","2","A","B","100",0.8398510217666626
"boltz-gs","dsDNA_Protein","101","0","mean","dsDNA_Protein","7yzf","1","3","A","C","45",0.818479061126709
"boltz-gs","dsDNA_Protein","101","0","mean","dsDNA_Protein","7yzg","1","2","A","B","115",0.7405644655227661
"boltz-gs","dsDNA_Protein","101","3","mean","dsDNA_Protein","7z0u","1","2","A","B","170",0.6925567388534546
"boltz-gs","dsDNA_Protein","101","0","best.confidence_score","dsDNA_Protein","7eds","1","2","A","B","5",0.1323287934064865
"boltz-gs","dsDNA_Protein","101","0","best.confidence_score","dsDNA_Protein","7n5u","1","2","A","B","125",0.5662328004837036
"boltz-gs","dsDNA_Protein","101","0","best.confidence_score","dsDNA_Protein","7n5v","1","2","A","D","20",0.6276279091835022
"boltz-gs","dsDNA_Protein","101","0","best.confidence_score","dsDNA_Protein","7n5w","1","2","A","B","50",0.38073408603668213
"boltz-gs","dsDNA_Protein","101","0","best.confidence_score","dsDNA_Protein","7r6r","1","2","A","B","150",0.7011697292327881
"boltz-gs","dsDNA_Protein","101","0","best.confidence_score","dsDNA_Protein","7rcd","1","2","A","B","130",0.7723531126976013
"boltz-gs","dsDNA_Protein","101","0","best.confidence_score","dsDNA_Protein","7rce","1","2","A","B","90",0.6060085892677307
"boltz-gs","dsDNA_Protein","101","0","best.confidence_score","dsDNA_Protein","7rcf","1","2","A","B","65",0.6603496074676514
"boltz-gs","dsDNA_Protein","101","0","best.confidence_score","dsDNA_Protein","7rcg","1","2","A","B","25",0.6519396305084229
"boltz-gs","dsDNA_Protein","101","0","best.confidence_score","dsDNA_Protein","7rss","1","2","A","B","135",0.7980664372444153
"boltz-gs","dsDNA_Protein","101","0","best.confidence_score","dsDNA_Protein","7t18","1","3","A","C","145",0.884602427482605
"boltz-gs","dsDNA_Protein","101","0","best.confidence_score","dsDNA_Protein","7t1a","1","3","A","C","10",0.8928652405738831
"boltz-gs","dsDNA_Protein","101","0","best.confidence_score","dsDNA_Protein","7t1b","1","3","A","C","0",0.8531465530395508
"boltz-gs","dsDNA_Protein","101","0","best.confidence_score","dsDNA_Protein","7tdw","1","2","A","B","75",0.70660400390625
"boltz-gs","dsDNA_Protein","101","0","best.confidence_score","dsDNA_Protein","7tdx","1","3","A","C","165",0.7759309411048889
"boltz-gs","dsDNA_Protein","101","0","best.confidence_score","dsDNA_Protein","7txc","1","3","A","C","120",0.5480407476425171
"boltz-gs","dsDNA_Protein","101","0","best.confidence_score","dsDNA_Protein","7tz1","1","2","A","B","15",0.6965494751930237
"boltz-gs","dsDNA_Protein","101","0","best.confidence_score","dsDNA_Protein","7u76","1","2","A","B","35",0.8787738084793091
"boltz-gs","dsDNA_Protein","101","0","best.confidence_score","dsDNA_Protein","7u79","1","2","A","B","110",0.8351710438728333
"boltz-gs","dsDNA_Protein","101","0","best.confidence_score","dsDNA_Protein","7u7a","1","2","A","B","30",0.8645751476287842
"boltz-gs","dsDNA_Protein","101","0","best.confidence_score","dsDNA_Protein","7u7b","1","2","A","B","70",0.8519882559776306
"boltz-gs","dsDNA_Protein","101","0","best.confidence_score","dsDNA_Protein","7u7c","1","2","A","B","40",0.8616368770599365
"boltz-gs","dsDNA_Protein","101","0","best.confidence_score","dsDNA_Protein","7u7f","1","2","A","B","105",0.8591694831848145
"boltz-gs","dsDNA_Protein","101","0","best.confidence_score","dsDNA_Protein","7u7g","1","2","A","B","95",0.8654137849807739
"boltz-gs","dsDNA_Protein","101","0","best.confidence_score","dsDNA_Protein","7u7i","1","2","A","B","140",0.8505398035049438
"boltz-gs","dsDNA_Protein","101","0","best.confidence_score","dsDNA_Protein","7u7j","1","2","A","B","55",0.8540602326393127
"boltz-gs","dsDNA_Protein","101","0","best.confidence_score","dsDNA_Protein","7u7k","1","2","A","B","80",0.8642373085021973
"boltz-gs","dsDNA_Protein","101","0","best.confidence_score","dsDNA_Protein","7u7l","1","2","A","B","155",0.851992130279541
"boltz-gs","dsDNA_Protein","101","0","best.confidence_score","dsDNA_Protein","7ubl","1","2","A","B","160",0.734016478061676
"boltz-gs","dsDNA_Protein","101","0","best.confidence_score","dsDNA_Protein","7vou","1","3","A","C","85",0.7962513566017151
"boltz-gs","dsDNA_Protein","101","0","best.confidence_score","dsDNA_Protein","7yho","1","2","A","B","60",0.2754487097263336
"boltz-gs","dsDNA_Protein","101","0","best.confidence_score","dsDNA_Protein","7yze","1","2","A","B","100",0.8521872758865356
"boltz-gs","dsDNA_Protein","101","0","best.confidence_score","dsDNA_Protein","7yzf","1","3","A","C","45",0.818479061126709
"boltz-gs","dsDNA_Protein","101","0","best.confidence_score","dsDNA_Protein","7yzg","1","2","A","B","115",0.7405644655227661
"boltz-gs","dsDNA_Protein","101","0","best.confidence_score","dsDNA_Protein","7z0u","1","2","A","B","170",0.6750727891921997
"boltz-gs","dsDNA_Protein","101","0","best.ptm","dsDNA_Protein","7eds","1","2","A","B","5",0.1323287934064865
"boltz-gs","dsDNA_Protein","101","2","best.ptm","dsDNA_Protein","7n5u","1","2","A","B","125",0.5619416236877441
"boltz-gs","dsDNA_Protein","101","2","best.ptm","dsDNA_Protein","7n5v","1","2","A","D","20",0.6410161852836609
"boltz-gs","dsDNA_Protein","101","0","best.ptm","dsDNA_Protein","7n5w","1","2","A","B","50",0.38073408603668213
"boltz-gs","dsDNA_Protein","101","0","best.ptm","dsDNA_Protein","7r6r","1","2","A","B","150",0.7011697292327881
"boltz-gs","dsDNA_Protein","101","1","best.ptm","dsDNA_Protein","7rcd","1","2","A","B","130",0.7585821151733398
"boltz-gs","dsDNA_Protein","101","1","best.ptm","dsDNA_Protein","7rce","1","2","A","B","90",0.6306689381599426
"boltz-gs","dsDNA_Protein","101","1","best.ptm","dsDNA_Protein","7rcf","1","2","A","B","65",0.6259455680847168
"boltz-gs","dsDNA_Protein","101","0","best.ptm","dsDNA_Protein","7rcg","1","2","A","B","25",0.6519396305084229
"boltz-gs","dsDNA_Protein","101","0","best.ptm","dsDNA_Protein","7rss","1","2","A","B","135",0.7980664372444153
"boltz-gs","dsDNA_Protein","101","0","best.ptm","dsDNA_Protein","7t18","1","3","A","C","145",0.884602427482605
"boltz-gs","dsDNA_Protein","101","0","best.ptm","dsDNA_Protein","7t1a","1","3","A","C","10",0.8928652405738831
"boltz-gs","dsDNA_Protein","101","1","best.ptm","dsDNA_Protein","7t1b","1","3","A","C","0",0.8782154321670532
"boltz-gs","dsDNA_Protein","101","0","best.ptm","dsDNA_Protein","7tdw","1","2","A","B","75",0.70660400390625
"boltz-gs","dsDNA_Protein","101","1","best.ptm","dsDNA_Protein","7tdx","1","3","A","C","165",0.723416805267334
"boltz-gs","dsDNA_Protein","101","1","best.ptm","dsDNA_Protein","7txc","1","3","A","C","120",0.5230872631072998
"boltz-gs","dsDNA_Protein","101","0","best.ptm","dsDNA_Protein","7tz1","1","2","A","B","15",0.6965494751930237
"boltz-gs","dsDNA_Protein","101","1","best.ptm","dsDNA_Protein","7u76","1","2","A","B","35",0.8873716592788696
"boltz-gs","dsDNA_Protein","101","1","best.ptm","dsDNA_Protein","7u79","1","2","A","B","110",0.852213442325592
"boltz-gs","dsDNA_Protein","101","1","best.ptm","dsDNA_Protein","7u7a","1","2","A","B","30",0.8752288818359375
"boltz-gs","dsDNA_Protein","101","1","best.ptm","dsDNA_Protein","7u7b","1","2","A","B","70",0.8652157783508301
"boltz-gs","dsDNA_Protein","101","1","best.ptm","dsDNA_Protein","7u7c","1","2","A","B","40",0.8726708889007568
"boltz-gs","dsDNA_Protein","101","1","best.ptm","dsDNA_Protein","7u7f","1","2","A","B","105",0.8695430159568787
"boltz-gs","dsDNA_Protein","101","1","best.ptm","dsDNA_Protein","7u7g","1","2","A","B","95",0.874549388885498
"boltz-gs","dsDNA_Protein","101","1","best.ptm","dsDNA_Protein","7u7i","1","2","A","B","140",0.863985002040863
"boltz-gs","dsDNA_Protein","101","1","best.ptm","dsDNA_Protein","7u7j","1","2","A","B","55",0.8649007081985474
"boltz-gs","dsDNA_Protein","101","1","best.ptm","dsDNA_Protein","7u7k","1","2","A","B","80",0.8749358057975769
"boltz-gs","dsDNA_Protein","101","1","best.ptm","dsDNA_Protein","7u7l","1","2","A","B","155",0.8586664199829102
"boltz-gs","dsDNA_Protein","101","0","best.ptm","dsDNA_Protein","7ubl","1","2","A","B","160",0.734016478061676
"boltz-gs","dsDNA_Protein","101","3","best.ptm","dsDNA_Protein","7vou","1","3","A","C","85",0.8072289228439331
"boltz-gs","dsDNA_Protein","101","0","best.ptm","dsDNA_Protein","7yho","1","2","A","B","60",0.2754487097263336
"boltz-gs","dsDNA_Protein","101","2","best.ptm","dsDNA_Protein","7yze","1","2","A","B","100",0.8439255952835083
"boltz-gs","dsDNA_Protein","101","1","best.ptm","dsDNA_Protein","7yzf","1","3","A","C","45",0.8344311714172363
"boltz-gs","dsDNA_Protein","101","0","best.ptm","dsDNA_Protein","7yzg","1","2","A","B","115",0.7405644655227661
"boltz-gs","dsDNA_Protein","101","0","best.ptm","dsDNA_Protein","7z0u","1","2","A","B","170",0.6750727891921997
"boltz-gs","dsDNA_Protein","101","1","best.iptm","dsDNA_Protein","7eds","1","2","A","B","5",0.12830938398838043
"boltz-gs","dsDNA_Protein","101","0","best.iptm","dsDNA_Protein","7n5u","1","2","A","B","125",0.5662328004837036
"boltz-gs","dsDNA_Protein","101","0","best.iptm","dsDNA_Protein","7n5v","1","2","A","D","20",0.6276279091835022
"boltz-gs","dsDNA_Protein","101","0","best.iptm","dsDNA_Protein","7n5w","1","2","A","B","50",0.38073408603668213
"boltz-gs","dsDNA_Protein","101","0","best.iptm","dsDNA_Protein","7r6r","1","2","A","B","150",0.7011697292327881
"boltz-gs","dsDNA_Protein","101","1","best.iptm","dsDNA_Protein","7rcd","1","2","A","B","130",0.7585821151733398
"boltz-gs","dsDNA_Protein","101","0","best.iptm","dsDNA_Protein","7rce","1","2","A","B","90",0.6060085892677307
"boltz-gs","dsDNA_Protein","101","0","best.iptm","dsDNA_Protein","7rcf","1","2","A","B","65",0.6603496074676514
"boltz-gs","dsDNA_Protein","101","0","best.iptm","dsDNA_Protein","7rcg","1","2","A","B","25",0.6519396305084229
"boltz-gs","dsDNA_Protein","101","0","best.iptm","dsDNA_Protein","7rss","1","2","A","B","135",0.7980664372444153
"boltz-gs","dsDNA_Protein","101","0","best.iptm","dsDNA_Protein","7t18","1","3","A","C","145",0.884602427482605
"boltz-gs","dsDNA_Protein","101","0","best.iptm","dsDNA_Protein","7t1a","1","3","A","C","10",0.8928652405738831
"boltz-gs","dsDNA_Protein","101","1","best.iptm","dsDNA_Protein","7t1b","1","3","A","C","0",0.8782154321670532
"boltz-gs","dsDNA_Protein","101","0","best.iptm","dsDNA_Protein","7tdw","1","2","A","B","75",0.70660400390625
"boltz-gs","dsDNA_Protein","101","1","best.iptm","dsDNA_Protein","7tdx","1","3","A","C","165",0.723416805267334
"boltz-gs","dsDNA_Protein","101","1","best.iptm","dsDNA_Protein","7txc","1","3","A","C","120",0.5230872631072998
"boltz-gs","dsDNA_Protein","101","0","best.iptm","dsDNA_Protein","7tz1","1","2","A","B","15",0.6965494751930237
"boltz-gs","dsDNA_Protein","101","1","best.iptm","dsDNA_Protein","7u76","1","2","A","B","35",0.8873716592788696
"boltz-gs","dsDNA_Protein","101","1","best.iptm","dsDNA_Protein","7u79","1","2","A","B","110",0.852213442325592
"boltz-gs","dsDNA_Protein","101","1","best.iptm","dsDNA_Protein","7u7a","1","2","A","B","30",0.8752288818359375
"boltz-gs","dsDNA_Protein","101","1","best.iptm","dsDNA_Protein","7u7b","1","2","A","B","70",0.8652157783508301
"boltz-gs","dsDNA_Protein","101","1","best.iptm","dsDNA_Protein","7u7c","1","2","A","B","40",0.8726708889007568
"boltz-gs","dsDNA_Protein","101","0","best.iptm","dsDNA_Protein","7u7f","1","2","A","B","105",0.8591694831848145
"boltz-gs","dsDNA_Protein","101","1","best.iptm","dsDNA_Protein","7u7g","1","2","A","B","95",0.874549388885498
"boltz-gs","dsDNA_Protein","101","1","best.iptm","dsDNA_Protein","7u7i","1","2","A","B","140",0.863985002040863
"boltz-gs","dsDNA_Protein","101","1","best.iptm","dsDNA_Protein","7u7j","1","2","A","B","55",0.8649007081985474
"boltz-gs","dsDNA_Protein","101","0","best.iptm","dsDNA_Protein","7u7k","1","2","A","B","80",0.8642373085021973
"boltz-gs","dsDNA_Protein","101","1","best.iptm","dsDNA_Protein","7u7l","1","2","A","B","155",0.8586664199829102
"boltz-gs","dsDNA_Protein","101","0","best.iptm","dsDNA_Protein","7ubl","1","2","A","B","160",0.734016478061676
"boltz-gs","dsDNA_Protein","101","0","best.iptm","dsDNA_Protein","7vou","1","3","A","C","85",0.7962513566017151
"boltz-gs","dsDNA_Protein","101","0","best.iptm","dsDNA_Protein","7yho","1","2","A","B","60",0.2754487097263336
"boltz-gs","dsDNA_Protein","101","0","best.iptm","dsDNA_Protein","7yze","1","2","A","B","100",0.8521872758865356
"boltz-gs","dsDNA_Protein","101","1","best.iptm","dsDNA_Protein","7yzf","1","3","A","C","45",0.8344311714172363
"boltz-gs","dsDNA_Protein","101","0","best.iptm","dsDNA_Protein","7yzg","1","2","A","B","115",0.7405644655227661
"boltz-gs","dsDNA_Protein","101","0","best.iptm","dsDNA_Protein","7z0u","1","2","A","B","170",0.6750727891921997
"boltz-gs","dsDNA_Protein","101","0","best.ligand_iptm","dsDNA_Protein","7eds","1","2","A","B","5",0.1323287934064865
"boltz-gs","dsDNA_Protein","101","1","best.ligand_iptm","dsDNA_Protein","7n5u","1","2","A","B","125",0.5347986221313477
"boltz-gs","dsDNA_Protein","101","1","best.ligand_iptm","dsDNA_Protein","7n5v","1","2","A","D","20",0.6217191219329834
"boltz-gs","dsDNA_Protein","101","0","best.ligand_iptm","dsDNA_Protein","7n5w","1","2","A","B","50",0.38073408603668213
"boltz-gs","dsDNA_Protein","101","2","best.ligand_iptm","dsDNA_Protein","7r6r","1","2","A","B","150",0.6818302869796753
"boltz-gs","dsDNA_Protein","101","1","best.ligand_iptm","dsDNA_Protein","7rcd","1","2","A","B","130",0.7585821151733398
"boltz-gs","dsDNA_Protein","101","1","best.ligand_iptm","dsDNA_Protein","7rce","1","2","A","B","90",0.6306689381599426
"boltz-gs","dsDNA_Protein","101","1","best.ligand_iptm","dsDNA_Protein","7rcf","1","2","A","B","65",0.6259455680847168
"boltz-gs","dsDNA_Protein","101","0","best.ligand_iptm","dsDNA_Protein","7rcg","1","2","A","B","25",0.6519396305084229
"boltz-gs","dsDNA_Protein","101","2","best.ligand_iptm","dsDNA_Protein","7rss","1","2","A","B","135",0.6817682981491089
"boltz-gs","dsDNA_Protein","101","0","best.ligand_iptm","dsDNA_Protein","7t18","1","3","A","C","145",0.884602427482605
"boltz-gs","dsDNA_Protein","101","1","best.ligand_iptm","dsDNA_Protein","7t1a","1","3","A","C","10",0.8480238914489746
"boltz-gs","dsDNA_Protein","101","0","best.ligand_iptm","dsDNA_Protein","7t1b","1","3","A","C","0",0.8531465530395508
"boltz-gs","dsDNA_Protein","101","2","best.ligand_iptm","dsDNA_Protein","7tdw","1","2","A","B","75",0.7315798997879028
"boltz-gs","dsDNA_Protein","101","2","best.ligand_iptm","dsDNA_Protein","7tdx","1","3","A","C","165",0.7037643790245056
"boltz-gs","dsDNA_Protein","101","3","best.ligand_iptm","dsDNA_Protein","7txc","1","3","A","C","120",0.5208216309547424
"boltz-gs","dsDNA_Protein","101","2","best.ligand_iptm","dsDNA_Protein","7tz1","1","2","A","B","15",0.6727206110954285
"boltz-gs","dsDNA_Protein","101","1","best.ligand_iptm","dsDNA_Protein","7u76","1","2","A","B","35",0.8873716592788696
"boltz-gs","dsDNA_Protein","101","1","best.ligand_iptm","dsDNA_Protein","7u79","1","2","A","B","110",0.852213442325592
"boltz-gs","dsDNA_Protein","101","1","best.ligand_iptm","dsDNA_Protein","7u7a","1","2","A","B","30",0.8752288818359375
"boltz-gs","dsDNA_Protein","101","1","best.ligand_iptm","dsDNA_Protein","7u7b","1","2","A","B","70",0.8652157783508301
"boltz-gs","dsDNA_Protein","101","1","best.ligand_iptm","dsDNA_Protein","7u7c","1","2","A","B","40",0.8726708889007568
"boltz-gs","dsDNA_Protein","101","0","best.ligand_iptm","dsDNA_Protein","7u7f","1","2","A","B","105",0.8591694831848145
"boltz-gs","dsDNA_Protein","101","1","best.ligand_iptm","dsDNA_Protein","7u7g","1","2","A","B","95",0.874549388885498
"boltz-gs","dsDNA_Protein","101","1","best.ligand_iptm","dsDNA_Protein","7u7i","1","2","A","B","140",0.863985002040863
"boltz-gs","dsDNA_Protein","101","1","best.ligand_iptm","dsDNA_Protein","7u7j","1","2","A","B","55",0.8649007081985474
"boltz-gs","dsDNA_Protein","101","0","best.ligand_iptm","dsDNA_Protein","7u7k","1","2","A","B","80",0.8642373085021973
"boltz-gs","dsDNA_Protein","101","1","best.ligand_iptm","dsDNA_Protein","7u7l","1","2","A","B","155",0.8586664199829102
"boltz-gs","dsDNA_Protein","101","1","best.ligand_iptm","dsDNA_Protein","7ubl","1","2","A","B","160",0.7042512893676758
"boltz-gs","dsDNA_Protein","101","2","best.ligand_iptm","dsDNA_Protein","7vou","1","3","A","C","85",0.8008466958999634
"boltz-gs","dsDNA_Protein","101","0","best.ligand_iptm","dsDNA_Protein","7yho","1","2","A","B","60",0.2754487097263336
"boltz-gs","dsDNA_Protein","101","1","best.ligand_iptm","dsDNA_Protein","7yze","1","2","A","B","100",0.8438730835914612
"boltz-gs","dsDNA_Protein","101","1","best.ligand_iptm","dsDNA_Protein","7yzf","1","3","A","C","45",0.8344311714172363
"boltz-gs","dsDNA_Protein","101","2","best.ligand_iptm","dsDNA_Protein","7yzg","1","2","A","B","115",0.7408316135406494
"boltz-gs","dsDNA_Protein","101","0","best.ligand_iptm","dsDNA_Protein","7z0u","1","2","A","B","170",0.6750727891921997
"boltz-gs","dsDNA_Protein","101","2","best.protein_iptm","dsDNA_Protein","7eds","1","2","A","B","5",0.141494482755661
"boltz-gs","dsDNA_Protein","101","2","best.protein_iptm","dsDNA_Protein","7n5u","1","2","A","B","125",0.5619416236877441
"boltz-gs","dsDNA_Protein","101","2","best.protein_iptm","dsDNA_Protein","7n5v","1","2","A","D","20",0.6410161852836609
"boltz-gs","dsDNA_Protein","101","2","best.protein_iptm","dsDNA_Protein","7n5w","1","2","A","B","50",0.3871345818042755
"boltz-gs","dsDNA_Protein","101","2","best.protein_iptm","dsDNA_Protein","7r6r","1","2","A","B","150",0.6818302869796753
"boltz-gs","dsDNA_Protein","101","2","best.protein_iptm","dsDNA_Protein","7rcd","1","2","A","B","130",0.7511152029037476
"boltz-gs","dsDNA_Protein","101","2","best.protein_iptm","dsDNA_Protein","7rce","1","2","A","B","90",0.6352270841598511
"boltz-gs","dsDNA_Protein","101","2","best.protein_iptm","dsDNA_Protein","7rcf","1","2","A","B","65",0.6341773867607117
"boltz-gs","dsDNA_Protein","101","2","best.protein_iptm","dsDNA_Protein","7rcg","1","2","A","B","25",0.622581958770752
"boltz-gs","dsDNA_Protein","101","2","best.protein_iptm","dsDNA_Protein","7rss","1","2","A","B","135",0.6817682981491089
"boltz-gs","dsDNA_Protein","101","2","best.protein_iptm","dsDNA_Protein","7t18","1","3","A","C","145",0.8494136333465576
"boltz-gs","dsDNA_Protein","101","2","best.protein_iptm","dsDNA_Protein","7t1a","1","3","A","C","10",0.801170825958252
"boltz-gs","dsDNA_Protein","101","2","best.protein_iptm","dsDNA_Protein","7t1b","1","3","A","C","0",0.8633385896682739
"boltz-gs","dsDNA_Protein","101","2","best.protein_iptm","dsDNA_Protein","7tdw","1","2","A","B","75",0.7315798997879028
"boltz-gs","dsDNA_Protein","101","2","best.protein_iptm","dsDNA_Protein","7tdx","1","3","A","C","165",0.7037643790245056
"boltz-gs","dsDNA_Protein","101","2","best.protein_iptm","dsDNA_Protein","7txc","1","3","A","C","120",0.5211173295974731
"boltz-gs","dsDNA_Protein","101","2","best.protein_iptm","dsDNA_Protein","7tz1","1","2","A","B","15",0.6727206110954285
"boltz-gs","dsDNA_Protein","101","2","best.protein_iptm","dsDNA_Protein","7u76","1","2","A","B","35",0.6672040224075317
"boltz-gs","dsDNA_Protein","101","2","best.protein_iptm","dsDNA_Protein","7u79","1","2","A","B","110",0.8076136708259583
"boltz-gs","dsDNA_Protein","101","2","best.protein_iptm","dsDNA_Protein","7u7a","1","2","A","B","30",0.8333249092102051
"boltz-gs","dsDNA_Protein","101","2","best.protein_iptm","dsDNA_Protein","7u7b","1","2","A","B","70",0.8240525722503662
"boltz-gs","dsDNA_Protein","101","2","best.protein_iptm","dsDNA_Protein","7u7c","1","2","A","B","40",0.8307115435600281
"boltz-gs","dsDNA_Protein","101","2","best.protein_iptm","dsDNA_Protein","7u7f","1","2","A","B","105",0.6360257863998413
"boltz-gs","dsDNA_Protein","101","2","best.protein_iptm","dsDNA_Protein","7u7g","1","2","A","B","95",0.6478167772293091
"boltz-gs","dsDNA_Protein","101","2","best.protein_iptm","dsDNA_Protein","7u7i","1","2","A","B","140",0.6435799598693848
"boltz-gs","dsDNA_Protein","101","2","best.protein_iptm","dsDNA_Protein","7u7j","1","2","A","B","55",0.6366550922393799
"boltz-gs","dsDNA_Protein","101","2","best.protein_iptm","dsDNA_Protein","7u7k","1","2","A","B","80",0.6545881628990173
"boltz-gs","dsDNA_Protein","101","2","best.protein_iptm","dsDNA_Protein","7u7l","1","2","A","B","155",0.8114558458328247
"boltz-gs","dsDNA_Protein","101","2","best.protein_iptm","dsDNA_Protein","7ubl","1","2","A","B","160",0.7238289713859558
"boltz-gs","dsDNA_Protein","101","2","best.protein_iptm","dsDNA_Protein","7vou","1","3","A","C","85",0.8008466958999634
"boltz-gs","dsDNA_Protein","101","2","best.protein_iptm","dsDNA_Protein","7yho","1","2","A","B","60",0.31385287642478943
"boltz-gs","dsDNA_Protein","101","2","best.protein_iptm","dsDNA_Protein","7yze","1","2","A","B","100",0.8439255952835083
"boltz-gs","dsDNA_Protein","101","2","best.protein_iptm","dsDNA_Protein","7yzf","1","3","A","C","45",0.8277897238731384
"boltz-gs","dsDNA_Protein","101","2","best.protein_iptm","dsDNA_Protein","7yzg","1","2","A","B","115",0.7408316135406494
"boltz-gs","dsDNA_Protein","101","2","best.protein_iptm","dsDNA_Protein","7z0u","1","2","A","B","170",0.7041970491409302
"boltz-gs","dsDNA_Protein","101","0","best.complex_plddt","dsDNA_Protein","7eds","1","2","A","B","5",0.1323287934064865
"boltz-gs","dsDNA_Protein","101","1","best.complex_plddt","dsDNA_Protein","7n5u","1","2","A","B","125",0.5347986221313477
"boltz-gs","dsDNA_Protein","101","1","best.complex_plddt","dsDNA_Protein","7n5v","1","2","A","D","20",0.6217191219329834
"boltz-gs","dsDNA_Protein","101","2","best.complex_plddt","dsDNA_Protein","7n5w","1","2","A","B","50",0.3871345818042755
"boltz-gs","dsDNA_Protein","101","0","best.complex_plddt","dsDNA_Protein","7r6r","1","2","A","B","150",0.7011697292327881
"boltz-gs","dsDNA_Protein","101","0","best.complex_plddt","dsDNA_Protein","7rcd","1","2","A","B","130",0.7723531126976013
"boltz-gs","dsDNA_Protein","101","0","best.complex_plddt","dsDNA_Protein","7rce","1","2","A","B","90",0.6060085892677307
"boltz-gs","dsDNA_Protein","101","0","best.complex_plddt","dsDNA_Protein","7rcf","1","2","A","B","65",0.6603496074676514
"boltz-gs","dsDNA_Protein","101","0","best.complex_plddt","dsDNA_Protein","7rcg","1","2","A","B","25",0.6519396305084229
"boltz-gs","dsDNA_Protein","101","0","best.complex_plddt","dsDNA_Protein","7rss","1","2","A","B","135",0.7980664372444153
"boltz-gs","dsDNA_Protein","101","0","best.complex_plddt","dsDNA_Protein","7t18","1","3","A","C","145",0.884602427482605
"boltz-gs","dsDNA_Protein","101","0","best.complex_plddt","dsDNA_Protein","7t1a","1","3","A","C","10",0.8928652405738831
"boltz-gs","dsDNA_Protein","101","0","best.complex_plddt","dsDNA_Protein","7t1b","1","3","A","C","0",0.8531465530395508
"boltz-gs","dsDNA_Protein","101","0","best.complex_plddt","dsDNA_Protein","7tdw","1","2","A","B","75",0.70660400390625
"boltz-gs","dsDNA_Protein","101","0","best.complex_plddt","dsDNA_Protein","7tdx","1","3","A","C","165",0.7759309411048889
"boltz-gs","dsDNA_Protein","101","0","best.complex_plddt","dsDNA_Protein","7txc","1","3","A","C","120",0.5480407476425171
"boltz-gs","dsDNA_Protein","101","0","best.complex_plddt","dsDNA_Protein","7tz1","1","2","A","B","15",0.6965494751930237
"boltz-gs","dsDNA_Protein","101","0","best.complex_plddt","dsDNA_Protein","7u76","1","2","A","B","35",0.8787738084793091
"boltz-gs","dsDNA_Protein","101","0","best.complex_plddt","dsDNA_Protein","7u79","1","2","A","B","110",0.8351710438728333
"boltz-gs","dsDNA_Protein","101","0","best.complex_plddt","dsDNA_Protein","7u7a","1","2","A","B","30",0.8645751476287842
"boltz-gs","dsDNA_Protein","101","0","best.complex_plddt","dsDNA_Protein","7u7b","1","2","A","B","70",0.8519882559776306
"boltz-gs","dsDNA_Protein","101","0","best.complex_plddt","dsDNA_Protein","7u7c","1","2","A","B","40",0.8616368770599365
"boltz-gs","dsDNA_Protein","101","0","best.complex_plddt","dsDNA_Protein","7u7f","1","2","A","B","105",0.8591694831848145
"boltz-gs","dsDNA_Protein","101","0","best.complex_plddt","dsDNA_Protein","7u7g","1","2","A","B","95",0.8654137849807739
"boltz-gs","dsDNA_Protein","101","0","best.complex_plddt","dsDNA_Protein","7u7i","1","2","A","B","140",0.8505398035049438
"boltz-gs","dsDNA_Protein","101","0","best.complex_plddt","dsDNA_Protein","7u7j","1","2","A","B","55",0.8540602326393127
"boltz-gs","dsDNA_Protein","101","0","best.complex_plddt","dsDNA_Protein","7u7k","1","2","A","B","80",0.8642373085021973
"boltz-gs","dsDNA_Protein","101","0","best.complex_plddt","dsDNA_Protein","7u7l","1","2","A","B","155",0.851992130279541
"boltz-gs","dsDNA_Protein","101","2","best.complex_plddt","dsDNA_Protein","7ubl","1","2","A","B","160",0.7238289713859558
"boltz-gs","dsDNA_Protein","101","1","best.complex_plddt","dsDNA_Protein","7vou","1","3","A","C","85",0.8020532131195068
"boltz-gs","dsDNA_Protein","101","0","best.complex_plddt","dsDNA_Protein","7yho","1","2","A","B","60",0.2754487097263336
"boltz-gs","dsDNA_Protein","101","2","best.complex_plddt","dsDNA_Protein","7yze","1","2","A","B","100",0.8439255952835083
"boltz-gs","dsDNA_Protein","101","3","best.complex_plddt","dsDNA_Protein","7yzf","1","3","A","C","45",0.7648061513900757
"boltz-gs","dsDNA_Protein","101","1","best.complex_plddt","dsDNA_Protein","7yzg","1","2","A","B","115",0.7041393518447876
"boltz-gs","dsDNA_Protein","101","3","best.complex_plddt","dsDNA_Protein","7z0u","1","2","A","B","170",0.6925567388534546
"boltz-gs","dsDNA_Protein","101","0","best.complex_iplddt","dsDNA_Protein","7eds","1","2","A","B","5",0.1323287934064865
"boltz-gs","dsDNA_Protein","101","1","best.complex_iplddt","dsDNA_Protein","7n5u","1","2","A","B","125",0.5347986221313477
"boltz-gs","dsDNA_Protein","101","1","best.complex_iplddt","dsDNA_Protein","7n5v","1","2","A","D","20",0.6217191219329834
"boltz-gs","dsDNA_Protein","101","1","best.complex_iplddt","dsDNA_Protein","7n5w","1","2","A","B","50",0.391732394695282
"boltz-gs","dsDNA_Protein","101","1","best.complex_iplddt","dsDNA_Protein","7r6r","1","2","A","B","150",0.6921778917312622
"boltz-gs","dsDNA_Protein","101","0","best.complex_iplddt","dsDNA_Protein","7rcd","1","2","A","B","130",0.7723531126976013
"boltz-gs","dsDNA_Protein","101","0","best.complex_iplddt","dsDNA_Protein","7rce","1","2","A","B","90",0.6060085892677307
"boltz-gs","dsDNA_Protein","101","0","best.complex_iplddt","dsDNA_Protein","7rcf","1","2","A","B","65",0.6603496074676514
"boltz-gs","dsDNA_Protein","101","0","best.complex_iplddt","dsDNA_Protein","7rcg","1","2","A","B","25",0.6519396305084229
"boltz-gs","dsDNA_Protein","101","0","best.complex_iplddt","dsDNA_Protein","7rss","1","2","A","B","135",0.7980664372444153
"boltz-gs","dsDNA_Protein","101","0","best.complex_iplddt","dsDNA_Protein","7t18","1","3","A","C","145",0.884602427482605
"boltz-gs","dsDNA_Protein","101","0","best.complex_iplddt","dsDNA_Protein","7t1a","1","3","A","C","10",0.8928652405738831
"boltz-gs","dsDNA_Protein","101","0","best.complex_iplddt","dsDNA_Protein","7t1b","1","3","A","C","0",0.8531465530395508
"boltz-gs","dsDNA_Protein","101","1","best.complex_iplddt","dsDNA_Protein","7tdw","1","2","A","B","75",0.7216463088989258
"boltz-gs","dsDNA_Protein","101","0","best.complex_iplddt","dsDNA_Protein","7tdx","1","3","A","C","165",0.7759309411048889
"boltz-gs","dsDNA_Protein","101","0","best.complex_iplddt","dsDNA_Protein","7txc","1","3","A","C","120",0.5480407476425171
"boltz-gs","dsDNA_Protein","101","1","best.complex_iplddt","dsDNA_Protein","7tz1","1","2","A","B","15",0.6789359450340271
"boltz-gs","dsDNA_Protein","101","0","best.complex_iplddt","dsDNA_Protein","7u76","1","2","A","B","35",0.8787738084793091
"boltz-gs","dsDNA_Protein","101","0","best.complex_iplddt","dsDNA_Protein","7u79","1","2","A","B","110",0.8351710438728333
"boltz-gs","dsDNA_Protein","101","0","best.complex_iplddt","dsDNA_Protein","7u7a","1","2","A","B","30",0.8645751476287842
"boltz-gs","dsDNA_Protein","101","0","best.complex_iplddt","dsDNA_Protein","7u7b","1","2","A","B","70",0.8519882559776306
"boltz-gs","dsDNA_Protein","101","0","best.complex_iplddt","dsDNA_Protein","7u7c","1","2","A","B","40",0.8616368770599365
"boltz-gs","dsDNA_Protein","101","0","best.complex_iplddt","dsDNA_Protein","7u7f","1","2","A","B","105",0.8591694831848145
"boltz-gs","dsDNA_Protein","101","0","best.complex_iplddt","dsDNA_Protein","7u7g","1","2","A","B","95",0.8654137849807739
"boltz-gs","dsDNA_Protein","101","0","best.complex_iplddt","dsDNA_Protein","7u7i","1","2","A","B","140",0.8505398035049438
"boltz-gs","dsDNA_Protein","101","0","best.complex_iplddt","dsDNA_Protein","7u7j","1","2","A","B","55",0.8540602326393127
"boltz-gs","dsDNA_Protein","101","0","best.complex_iplddt","dsDNA_Protein","7u7k","1","2","A","B","80",0.8642373085021973
"boltz-gs","dsDNA_Protein","101","0","best.complex_iplddt","dsDNA_Protein","7u7l","1","2","A","B","155",0.851992130279541
"boltz-gs","dsDNA_Protein","101","0","best.complex_iplddt","dsDNA_Protein","7ubl","1","2","A","B","160",0.734016478061676
"boltz-gs","dsDNA_Protein","101","2","best.complex_iplddt","dsDNA_Protein","7vou","1","3","A","C","85",0.8008466958999634
"boltz-gs","dsDNA_Protein","101","0","best.complex_iplddt","dsDNA_Protein","7yho","1","2","A","B","60",0.2754487097263336
"boltz-gs","dsDNA_Protein","101","1","best.complex_iplddt","dsDNA_Protein","7yze","1","2","A","B","100",0.8438730835914612
"boltz-gs","dsDNA_Protein","101","0","best.complex_iplddt","dsDNA_Protein","7yzf","1","3","A","C","45",0.818479061126709
"boltz-gs","dsDNA_Protein","101","4","best.complex_iplddt","dsDNA_Protein","7yzg","1","2","A","B","115",0.7428545951843262
"boltz-gs","dsDNA_Protein","101","3","best.complex_iplddt","dsDNA_Protein","7z0u","1","2","A","B","170",0.6925567388534546
"boltz-gs","dsDNA_Protein","101","0","best.complex_pde","dsDNA_Protein","7eds","1","2","A","B","5",0.1323287934064865
"boltz-gs","dsDNA_Protein","101","1","best.complex_pde","dsDNA_Protein","7n5u","1","2","A","B","125",0.5347986221313477
"boltz-gs","dsDNA_Protein","101","2","best.complex_pde","dsDNA_Protein","7n5v","1","2","A","D","20",0.6410161852836609
"boltz-gs","dsDNA_Protein","101","0","best.complex_pde","dsDNA_Protein","7n5w","1","2","A","B","50",0.38073408603668213
"boltz-gs","dsDNA_Protein","101","0","best.complex_pde","dsDNA_Protein","7r6r","1","2","A","B","150",0.7011697292327881
"boltz-gs","dsDNA_Protein","101","1","best.complex_pde","dsDNA_Protein","7rcd","1","2","A","B","130",0.7585821151733398
"boltz-gs","dsDNA_Protein","101","1","best.complex_pde","dsDNA_Protein","7rce","1","2","A","B","90",0.6306689381599426
"boltz-gs","dsDNA_Protein","101","0","best.complex_pde","dsDNA_Protein","7rcf","1","2","A","B","65",0.6603496074676514
"boltz-gs","dsDNA_Protein","101","0","best.complex_pde","dsDNA_Protein","7rcg","1","2","A","B","25",0.6519396305084229
"boltz-gs","dsDNA_Protein","101","0","best.complex_pde","dsDNA_Protein","7rss","1","2","A","B","135",0.7980664372444153
"boltz-gs","dsDNA_Protein","101","0","best.complex_pde","dsDNA_Protein","7t18","1","3","A","C","145",0.884602427482605
"boltz-gs","dsDNA_Protein","101","0","best.complex_pde","dsDNA_Protein","7t1a","1","3","A","C","10",0.8928652405738831
"boltz-gs","dsDNA_Protein","101","0","best.complex_pde","dsDNA_Protein","7t1b","1","3","A","C","0",0.8531465530395508
"boltz-gs","dsDNA_Protein","101","4","best.complex_pde","dsDNA_Protein","7tdw","1","2","A","B","75",0.6780560612678528
"boltz-gs","dsDNA_Protein","101","1","best.complex_pde","dsDNA_Protein","7tdx","1","3","A","C","165",0.723416805267334
"boltz-gs","dsDNA_Protein","101","1","best.complex_pde","dsDNA_Protein","7txc","1","3","A","C","120",0.5230872631072998
"boltz-gs","dsDNA_Protein","101","0","best.complex_pde","dsDNA_Protein","7tz1","1","2","A","B","15",0.6965494751930237
"boltz-gs","dsDNA_Protein","101","1","best.complex_pde","dsDNA_Protein","7u76","1","2","A","B","35",0.8873716592788696
"boltz-gs","dsDNA_Protein","101","1","best.complex_pde","dsDNA_Protein","7u79","1","2","A","B","110",0.852213442325592
"boltz-gs","dsDNA_Protein","101","1","best.complex_pde","dsDNA_Protein","7u7a","1","2","A","B","30",0.8752288818359375
"boltz-gs","dsDNA_Protein","101","1","best.complex_pde","dsDNA_Protein","7u7b","1","2","A","B","70",0.8652157783508301
"boltz-gs","dsDNA_Protein","101","1","best.complex_pde","dsDNA_Protein","7u7c","1","2","A","B","40",0.8726708889007568
"boltz-gs","dsDNA_Protein","101","0","best.complex_pde","dsDNA_Protein","7u7f","1","2","A","B","105",0.8591694831848145
"boltz-gs","dsDNA_Protein","101","1","best.complex_pde","dsDNA_Protein","7u7g","1","2","A","B","95",0.874549388885498
"boltz-gs","dsDNA_Protein","101","1","best.complex_pde","dsDNA_Protein","7u7i","1","2","A","B","140",0.863985002040863
"boltz-gs","dsDNA_Protein","101","1","best.complex_pde","dsDNA_Protein","7u7j","1","2","A","B","55",0.8649007081985474
"boltz-gs","dsDNA_Protein","101","0","best.complex_pde","dsDNA_Protein","7u7k","1","2","A","B","80",0.8642373085021973
"boltz-gs","dsDNA_Protein","101","1","best.complex_pde","dsDNA_Protein","7u7l","1","2","A","B","155",0.8586664199829102
"boltz-gs","dsDNA_Protein","101","0","best.complex_pde","dsDNA_Protein","7ubl","1","2","A","B","160",0.734016478061676
"boltz-gs","dsDNA_Protein","101","3","best.complex_pde","dsDNA_Protein","7vou","1","3","A","C","85",0.8072289228439331
"boltz-gs","dsDNA_Protein","101","0","best.complex_pde","dsDNA_Protein","7yho","1","2","A","B","60",0.2754487097263336
"boltz-gs","dsDNA_Protein","101","1","best.complex_pde","dsDNA_Protein","7yze","1","2","A","B","100",0.8438730835914612
"boltz-gs","dsDNA_Protein","101","3","best.complex_pde","dsDNA_Protein","7yzf","1","3","A","C","45",0.7648061513900757
"boltz-gs","dsDNA_Protein","101","0","best.complex_pde","dsDNA_Protein","7yzg","1","2","A","B","115",0.7405644655227661
"boltz-gs","dsDNA_Protein","101","0","best.complex_pde","dsDNA_Protein","7z0u","1","2","A","B","170",0.6750727891921997
"boltz-gs","dsDNA_Protein","101","0","best.complex_ipde","dsDNA_Protein","7eds","1","2","A","B","5",0.1323287934064865
"boltz-gs","dsDNA_Protein","101","1","best.complex_ipde","dsDNA_Protein","7n5u","1","2","A","B","125",0.5347986221313477
"boltz-gs","dsDNA_Protein","101","2","best.complex_ipde","dsDNA_Protein","7n5v","1","2","A","D","20",0.6410161852836609
"boltz-gs","dsDNA_Protein","101","0","best.complex_ipde","dsDNA_Protein","7n5w","1","2","A","B","50",0.38073408603668213
"boltz-gs","dsDNA_Protein","101","1","best.complex_ipde","dsDNA_Protein","7r6r","1","2","A","B","150",0.6921778917312622
"boltz-gs","dsDNA_Protein","101","1","best.complex_ipde","dsDNA_Protein","7rcd","1","2","A","B","130",0.7585821151733398
"boltz-gs","dsDNA_Protein","101","3","best.complex_ipde","dsDNA_Protein","7rce","1","2","A","B","90",0.36926957964897156
"boltz-gs","dsDNA_Protein","101","0","best.complex_ipde","dsDNA_Protein","7rcf","1","2","A","B","65",0.6603496074676514
"boltz-gs","dsDNA_Protein","101","0","best.complex_ipde","dsDNA_Protein","7rcg","1","2","A","B","25",0.6519396305084229
"boltz-gs","dsDNA_Protein","101","0","best.complex_ipde","dsDNA_Protein","7rss","1","2","A","B","135",0.7980664372444153
"boltz-gs","dsDNA_Protein","101","0","best.complex_ipde","dsDNA_Protein","7t18","1","3","A","C","145",0.884602427482605
"boltz-gs","dsDNA_Protein","101","0","best.complex_ipde","dsDNA_Protein","7t1a","1","3","A","C","10",0.8928652405738831
"boltz-gs","dsDNA_Protein","101","0","best.complex_ipde","dsDNA_Protein","7t1b","1","3","A","C","0",0.8531465530395508
"boltz-gs","dsDNA_Protein","101","4","best.complex_ipde","dsDNA_Protein","7tdw","1","2","A","B","75",0.6780560612678528
"boltz-gs","dsDNA_Protein","101","3","best.complex_ipde","dsDNA_Protein","7tdx","1","3","A","C","165",0.7440754771232605
"boltz-gs","dsDNA_Protein","101","1","best.complex_ipde","dsDNA_Protein","7txc","1","3","A","C","120",0.5230872631072998
"boltz-gs","dsDNA_Protein","101","1","best.complex_ipde","dsDNA_Protein","7tz1","1","2","A","B","15",0.6789359450340271
"boltz-gs","dsDNA_Protein","101","1","best.complex_ipde","dsDNA_Protein","7u76","1","2","A","B","35",0.8873716592788696
"boltz-gs","dsDNA_Protein","101","1","best.complex_ipde","dsDNA_Protein","7u79","1","2","A","B","110",0.852213442325592
"boltz-gs","dsDNA_Protein","101","1","best.complex_ipde","dsDNA_Protein","7u7a","1","2","A","B","30",0.8752288818359375
"boltz-gs","dsDNA_Protein","101","1","best.complex_ipde","dsDNA_Protein","7u7b","1","2","A","B","70",0.8652157783508301
"boltz-gs","dsDNA_Protein","101","1","best.complex_ipde","dsDNA_Protein","7u7c","1","2","A","B","40",0.8726708889007568
"boltz-gs","dsDNA_Protein","101","0","best.complex_ipde","dsDNA_Protein","7u7f","1","2","A","B","105",0.8591694831848145
"boltz-gs","dsDNA_Protein","101","1","best.complex_ipde","dsDNA_Protein","7u7g","1","2","A","B","95",0.874549388885498
"boltz-gs","dsDNA_Protein","101","1","best.complex_ipde","dsDNA_Protein","7u7i","1","2","A","B","140",0.863985002040863
"boltz-gs","dsDNA_Protein","101","1","best.complex_ipde","dsDNA_Protein","7u7j","1","2","A","B","55",0.8649007081985474
"boltz-gs","dsDNA_Protein","101","0","best.complex_ipde","dsDNA_Protein","7u7k","1","2","A","B","80",0.8642373085021973
"boltz-gs","dsDNA_Protein","101","1","best.complex_ipde","dsDNA_Protein","7u7l","1","2","A","B","155",0.8586664199829102
"boltz-gs","dsDNA_Protein","101","1","best.complex_ipde","dsDNA_Protein","7ubl","1","2","A","B","160",0.7042512893676758
"boltz-gs","dsDNA_Protein","101","3","best.complex_ipde","dsDNA_Protein","7vou","1","3","A","C","85",0.8072289228439331
"boltz-gs","dsDNA_Protein","101","0","best.complex_ipde","dsDNA_Protein","7yho","1","2","A","B","60",0.2754487097263336
"boltz-gs","dsDNA_Protein","101","1","best.complex_ipde","dsDNA_Protein","7yze","1","2","A","B","100",0.8438730835914612
"boltz-gs","dsDNA_Protein","101","1","best.complex_ipde","dsDNA_Protein","7yzf","1","3","A","C","45",0.8344311714172363
"boltz-gs","dsDNA_Protein","101","1","best.complex_ipde","dsDNA_Protein","7yzg","1","2","A","B","115",0.7041393518447876
"boltz-gs","dsDNA_Protein","101","0","best.complex_ipde","dsDNA_Protein","7z0u","1","2","A","B","170",0.6750727891921997
"boltz-gs","dsDNA_Protein","101","1","best.pair_chains_iptm","dsDNA_Protein","7eds","1","2","A","B","5",0.12830938398838043
"boltz-gs","dsDNA_Protein","101","2","best.pair_chains_iptm","dsDNA_Protein","7n5u","1","2","A","B","125",0.5619416236877441
"boltz-gs","dsDNA_Protein","101","2","best.pair_chains_iptm","dsDNA_Protein","7n5v","1","2","A","D","20",0.6410161852836609
"boltz-gs","dsDNA_Protein","101","0","best.pair_chains_iptm","dsDNA_Protein","7n5w","1","2","A","B","50",0.38073408603668213
"boltz-gs","dsDNA_Protein","101","0","best.pair_chains_iptm","dsDNA_Protein","7r6r","1","2","A","B","150",0.7011697292327881
"boltz-gs","dsDNA_Protein","101","1","best.pair_chains_iptm","dsDNA_Protein","7rcd","1","2","A","B","130",0.7585821151733398
"boltz-gs","dsDNA_Protein","101","1","best.pair_chains_iptm","dsDNA_Protein","7rce","1","2","A","B","90",0.6306689381599426
"boltz-gs","dsDNA_Protein","101","0","best.pair_chains_iptm","dsDNA_Protein","7rcf","1","2","A","B","65",0.6603496074676514
"boltz-gs","dsDNA_Protein","101","0","best.pair_chains_iptm","dsDNA_Protein","7rcg","1","2","A","B","25",0.6519396305084229
"boltz-gs","dsDNA_Protein","101","0","best.pair_chains_iptm","dsDNA_Protein","7rss","1","2","A","B","135",0.7980664372444153
"boltz-gs","dsDNA_Protein","101","0","best.pair_chains_iptm","dsDNA_Protein","7t18","1","3","A","C","145",0.884602427482605
"boltz-gs","dsDNA_Protein","101","0","best.pair_chains_iptm","dsDNA_Protein","7t1a","1","3","A","C","10",0.8928652405738831
"boltz-gs","dsDNA_Protein","101","1","best.pair_chains_iptm","dsDNA_Protein","7t1b","1","3","A","C","0",0.8782154321670532
"boltz-gs","dsDNA_Protein","101","0","best.pair_chains_iptm","dsDNA_Protein","7tdw","1","2","A","B","75",0.70660400390625
"boltz-gs","dsDNA_Protein","101","1","best.pair_chains_iptm","dsDNA_Protein","7tdx","1","3","A","C","165",0.723416805267334
"boltz-gs","dsDNA_Protein","101","1","best.pair_chains_iptm","dsDNA_Protein","7txc","1","3","A","C","120",0.5230872631072998
"boltz-gs","dsDNA_Protein","101","0","best.pair_chains_iptm","dsDNA_Protein","7tz1","1","2","A","B","15",0.6965494751930237
"boltz-gs","dsDNA_Protein","101","1","best.pair_chains_iptm","dsDNA_Protein","7u76","1","2","A","B","35",0.8873716592788696
"boltz-gs","dsDNA_Protein","101","1","best.pair_chains_iptm","dsDNA_Protein","7u79","1","2","A","B","110",0.852213442325592
"boltz-gs","dsDNA_Protein","101","1","best.pair_chains_iptm","dsDNA_Protein","7u7a","1","2","A","B","30",0.8752288818359375
"boltz-gs","dsDNA_Protein","101","1","best.pair_chains_iptm","dsDNA_Protein","7u7b","1","2","A","B","70",0.8652157783508301
"boltz-gs","dsDNA_Protein","101","1","best.pair_chains_iptm","dsDNA_Protein","7u7c","1","2","A","B","40",0.8726708889007568
"boltz-gs","dsDNA_Protein","101","1","best.pair_chains_iptm","dsDNA_Protein","7u7f","1","2","A","B","105",0.8695430159568787
"boltz-gs","dsDNA_Protein","101","1","best.pair_chains_iptm","dsDNA_Protein","7u7g","1","2","A","B","95",0.874549388885498
"boltz-gs","dsDNA_Protein","101","1","best.pair_chains_iptm","dsDNA_Protein","7u7i","1","2","A","B","140",0.863985002040863
"boltz-gs","dsDNA_Protein","101","1","best.pair_chains_iptm","dsDNA_Protein","7u7j","1","2","A","B","55",0.8649007081985474
"boltz-gs","dsDNA_Protein","101","1","best.pair_chains_iptm","dsDNA_Protein","7u7k","1","2","A","B","80",0.8749358057975769
"boltz-gs","dsDNA_Protein","101","1","best.pair_chains_iptm","dsDNA_Protein","7u7l","1","2","A","B","155",0.8586664199829102
"boltz-gs","dsDNA_Protein","101","0","best.pair_chains_iptm","dsDNA_Protein","7ubl","1","2","A","B","160",0.734016478061676
"boltz-gs","dsDNA_Protein","101","0","best.pair_chains_iptm","dsDNA_Protein","7vou","1","3","A","C","85",0.7962513566017151
"boltz-gs","dsDNA_Protein","101","0","best.pair_chains_iptm","dsDNA_Protein","7yho","1","2","A","B","60",0.2754487097263336
"boltz-gs","dsDNA_Protein","101","0","best.pair_chains_iptm","dsDNA_Protein","7yze","1","2","A","B","100",0.8521872758865356
"boltz-gs","dsDNA_Protein","101","1","best.pair_chains_iptm","dsDNA_Protein","7yzf","1","3","A","C","45",0.8344311714172363
"boltz-gs","dsDNA_Protein","101","0","best.pair_chains_iptm","dsDNA_Protein","7yzg","1","2","A","B","115",0.7405644655227661
"boltz-gs","dsDNA_Protein","101","2","best.pair_chains_iptm","dsDNA_Protein","7z0u","1","2","A","B","170",0.7041970491409302
"boltz-1","dsDNA_Protein","101","4","best","dsDNA_Protein","7eds","1","2","A","B","5",0.722184419631958
"boltz-1","dsDNA_Protein","101","3","best","dsDNA_Protein","7n5u","1","2","A","B","125",0.6244629621505737
"boltz-1","dsDNA_Protein","101","0","best","dsDNA_Protein","7n5v","1","2","A","D","20",0.6888178586959839
"boltz-1","dsDNA_Protein","101","3","best","dsDNA_Protein","7n5w","1","2","A","B","50",0.460918664932251
"boltz-1","dsDNA_Protein","101","0","best","dsDNA_Protein","7r6r","1","2","A","B","150",0.7175326347351074
"boltz-1","dsDNA_Protein","101","1","best","dsDNA_Protein","7rcd","1","2","A","B","130",0.8182816505432129
"boltz-1","dsDNA_Protein","101","3","best","dsDNA_Protein","7rce","1","2","A","B","90",0.6152993440628052
"boltz-1","dsDNA_Protein","101","1","best","dsDNA_Protein","7rcf","1","2","A","B","65",0.6344968676567078
"boltz-1","dsDNA_Protein","101","2","best","dsDNA_Protein","7rcg","1","2","A","B","25",0.6196777820587158
"boltz-1","dsDNA_Protein","101","4","best","dsDNA_Protein","7rss","1","2","A","B","135",0.8796899318695068
"boltz-1","dsDNA_Protein","101","2","best","dsDNA_Protein","7t18","1","3","A","C","145",0.939293622970581
"boltz-1","dsDNA_Protein","101","0","best","dsDNA_Protein","7t1a","1","3","A","C","10",0.9271728992462158
"boltz-1","dsDNA_Protein","101","0","best","dsDNA_Protein","7t1b","1","3","A","C","0",0.9308047294616699
"boltz-1","dsDNA_Protein","101","2","best","dsDNA_Protein","7tdw","1","2","A","B","75",0.7531992197036743
"boltz-1","dsDNA_Protein","101","1","best","dsDNA_Protein","7tdx","1","3","A","C","165",0.8219207525253296
"boltz-1","dsDNA_Protein","101","2","best","dsDNA_Protein","7txc","1","3","A","C","120",0.5339828729629517
"boltz-1","dsDNA_Protein","101","0","best","dsDNA_Protein","7tz1","1","2","A","B","15",0.6932580471038818
"boltz-1","dsDNA_Protein","101","4","best","dsDNA_Protein","7u76","1","2","A","B","35",0.9611759185791016
"boltz-1","dsDNA_Protein","101","3","best","dsDNA_Protein","7u79","1","2","A","B","110",0.9481931924819946
"boltz-1","dsDNA_Protein","101","3","best","dsDNA_Protein","7u7a","1","2","A","B","30",0.9552918672561646
"boltz-1","dsDNA_Protein","101","3","best","dsDNA_Protein","7u7b","1","2","A","B","70",0.9482063055038452
"boltz-1","dsDNA_Protein","101","3","best","dsDNA_Protein","7u7c","1","2","A","B","40",0.9635013341903687
"boltz-1","dsDNA_Protein","101","4","best","dsDNA_Protein","7u7f","1","2","A","B","105",0.9599992036819458
"boltz-1","dsDNA_Protein","101","4","best","dsDNA_Protein","7u7g","1","2","A","B","95",0.9530224800109863
"boltz-1","dsDNA_Protein","101","4","best","dsDNA_Protein","7u7i","1","2","A","B","140",0.9452195167541504
"boltz-1","dsDNA_Protein","101","4","best","dsDNA_Protein","7u7j","1","2","A","B","55",0.9513459205627441
"boltz-1","dsDNA_Protein","101","4","best","dsDNA_Protein","7u7k","1","2","A","B","80",0.9459226131439209
"boltz-1","dsDNA_Protein","101","3","best","dsDNA_Protein","7u7l","1","2","A","B","155",0.9386178255081177
"boltz-1","dsDNA_Protein","101","0","best","dsDNA_Protein","7ubl","1","2","A","B","160",0.7711259722709656
"boltz-1","dsDNA_Protein","101","1","best","dsDNA_Protein","7vou","1","3","A","C","85",0.8129317760467529
"boltz-1","dsDNA_Protein","101","3","best","dsDNA_Protein","7yho","1","2","A","B","60",0.23939025402069092
"boltz-1","dsDNA_Protein","101","4","best","dsDNA_Protein","7yze","1","2","A","B","100",0.8779508471488953
"boltz-1","dsDNA_Protein","101","2","best","dsDNA_Protein","7yzf","1","3","A","C","45",0.8679640293121338
"boltz-1","dsDNA_Protein","101","0","best","dsDNA_Protein","7yzg","1","2","A","B","115",0.7727675437927246
"boltz-1","dsDNA_Protein","101","1","best","dsDNA_Protein","7z0u","1","2","A","B","170",0.7298530340194702
"boltz-1","dsDNA_Protein","101","3","worst","dsDNA_Protein","7eds","1","2","A","B","5",0.03138025477528572
"boltz-1","dsDNA_Protein","101","4","worst","dsDNA_Protein","7n5u","1","2","A","B","125",0.599341630935669
"boltz-1","dsDNA_Protein","101","4","worst","dsDNA_Protein","7n5v","1","2","A","D","20",0.650280773639679
"boltz-1","dsDNA_Protein","101","0","worst","dsDNA_Protein","7n5w","1","2","A","B","50",0.4327206015586853
"boltz-1","dsDNA_Protein","101","1","worst","dsDNA_Protein","7r6r","1","2","A","B","150",0.6740365028381348
"boltz-1","dsDNA_Protein","101","0","worst","dsDNA_Protein","7rcd","1","2","A","B","130",0.805835485458374
"boltz-1","dsDNA_Protein","101","0","worst","dsDNA_Protein","7rce","1","2","A","B","90",0.5978208780288696
"boltz-1","dsDNA_Protein","101","3","worst","dsDNA_Protein","7rcf","1","2","A","B","65",0.6071265935897827
"boltz-1","dsDNA_Protein","101","3","worst","dsDNA_Protein","7rcg","1","2","A","B","25",0.5948275327682495
"boltz-1","dsDNA_Protein","101","1","worst","dsDNA_Protein","7rss","1","2","A","B","135",0.8701506853103638
"boltz-1","dsDNA_Protein","101","0","worst","dsDNA_Protein","7t18","1","3","A","C","145",0.929739236831665
"boltz-1","dsDNA_Protein","101","4","worst","dsDNA_Protein","7t1a","1","3","A","C","10",0.9174511432647705
"boltz-1","dsDNA_Protein","101","1","worst","dsDNA_Protein","7t1b","1","3","A","C","0",0.9230659604072571
"boltz-1","dsDNA_Protein","101","1","worst","dsDNA_Protein","7tdw","1","2","A","B","75",0.7375859022140503
"boltz-1","dsDNA_Protein","101","0","worst","dsDNA_Protein","7tdx","1","3","A","C","165",0.7831322550773621
"boltz-1","dsDNA_Protein","101","4","worst","dsDNA_Protein","7txc","1","3","A","C","120",0.5185015201568604
"boltz-1","dsDNA_Protein","101","1","worst","dsDNA_Protein","7tz1","1","2","A","B","15",0.6545592546463013
"boltz-1","dsDNA_Protein","101","3","worst","dsDNA_Protein","7u76","1","2","A","B","35",0.9255843758583069
"boltz-1","dsDNA_Protein","101","4","worst","dsDNA_Protein","7u79","1","2","A","B","110",0.9372708201408386
"boltz-1","dsDNA_Protein","101","4","worst","dsDNA_Protein","7u7a","1","2","A","B","30",0.9151262640953064
"boltz-1","dsDNA_Protein","101","4","worst","dsDNA_Protein","7u7b","1","2","A","B","70",0.9170357584953308
"boltz-1","dsDNA_Protein","101","4","worst","dsDNA_Protein","7u7c","1","2","A","B","40",0.9384270906448364
"boltz-1","dsDNA_Protein","101","3","worst","dsDNA_Protein","7u7f","1","2","A","B","105",0.9486112594604492
"boltz-1","dsDNA_Protein","101","3","worst","dsDNA_Protein","7u7g","1","2","A","B","95",0.9324237108230591
"boltz-1","dsDNA_Protein","101","3","worst","dsDNA_Protein","7u7i","1","2","A","B","140",0.9275215864181519
"boltz-1","dsDNA_Protein","101","3","worst","dsDNA_Protein","7u7j","1","2","A","B","55",0.9388274550437927
"boltz-1","dsDNA_Protein","101","3","worst","dsDNA_Protein","7u7k","1","2","A","B","80",0.9251576662063599
"boltz-1","dsDNA_Protein","101","4","worst","dsDNA_Protein","7u7l","1","2","A","B","155",0.9121575355529785
"boltz-1","dsDNA_Protein","101","4","worst","dsDNA_Protein","7ubl","1","2","A","B","160",0.7558175921440125
"boltz-1","dsDNA_Protein","101","2","worst","dsDNA_Protein","7vou","1","3","A","C","85",0.8016973733901978
"boltz-1","dsDNA_Protein","101","1","worst","dsDNA_Protein","7yho","1","2","A","B","60",0.1405348777770996
"boltz-1","dsDNA_Protein","101","1","worst","dsDNA_Protein","7yze","1","2","A","B","100",0.8635207414627075
"boltz-1","dsDNA_Protein","101","3","worst","dsDNA_Protein","7yzf","1","3","A","C","45",0.8499550819396973
"boltz-1","dsDNA_Protein","101","4","worst","dsDNA_Protein","7yzg","1","2","A","B","115",0.747772753238678
"boltz-1","dsDNA_Protein","101","0","worst","dsDNA_Protein","7z0u","1","2","A","B","170",0.7062488794326782
"boltz-1","dsDNA_Protein","101","3","rand","dsDNA_Protein","7eds","1","2","A","B","5",0.03138025477528572
"boltz-1","dsDNA_Protein","101","0","rand","dsDNA_Protein","7n5u","1","2","A","B","125",0.6043246984481812
"boltz-1","dsDNA_Protein","101","3","rand","dsDNA_Protein","7n5v","1","2","A","D","20",0.6812307834625244
"boltz-1","dsDNA_Protein","101","2","rand","dsDNA_Protein","7n5w","1","2","A","B","50",0.44375625252723694
"boltz-1","dsDNA_Protein","101","4","rand","dsDNA_Protein","7r6r","1","2","A","B","150",0.6864351034164429
"boltz-1","dsDNA_Protein","101","4","rand","dsDNA_Protein","7rcd","1","2","A","B","130",0.8095429539680481
"boltz-1","dsDNA_Protein","101","3","rand","dsDNA_Protein","7rce","1","2","A","B","90",0.6152993440628052
"boltz-1","dsDNA_Protein","101","1","rand","dsDNA_Protein","7rcf","1","2","A","B","65",0.6344968676567078
"boltz-1","dsDNA_Protein","101","0","rand","dsDNA_Protein","7rcg","1","2","A","B","25",0.6079925298690796
"boltz-1","dsDNA_Protein","101","3","rand","dsDNA_Protein","7rss","1","2","A","B","135",0.8716850280761719
"boltz-1","dsDNA_Protein","101","2","rand","dsDNA_Protein","7t18","1","3","A","C","145",0.939293622970581
"boltz-1","dsDNA_Protein","101","2","rand","dsDNA_Protein","7t1a","1","3","A","C","10",0.9231743812561035
"boltz-1","dsDNA_Protein","101","1","rand","dsDNA_Protein","7t1b","1","3","A","C","0",0.9230659604072571
"boltz-1","dsDNA_Protein","101","1","rand","dsDNA_Protein","7tdw","1","2","A","B","75",0.7375859022140503
"boltz-1","dsDNA_Protein","101","3","rand","dsDNA_Protein","7tdx","1","3","A","C","165",0.8088804483413696
"boltz-1","dsDNA_Protein","101","0","rand","dsDNA_Protein","7txc","1","3","A","C","120",0.5232980251312256
"boltz-1","dsDNA_Protein","101","4","rand","dsDNA_Protein","7tz1","1","2","A","B","15",0.6637214422225952
"boltz-1","dsDNA_Protein","101","4","rand","dsDNA_Protein","7u76","1","2","A","B","35",0.9611759185791016
"boltz-1","dsDNA_Protein","101","1","rand","dsDNA_Protein","7u79","1","2","A","B","110",0.9473782777786255
"boltz-1","dsDNA_Protein","101","0","rand","dsDNA_Protein","7u7a","1","2","A","B","30",0.9455678462982178
"boltz-1","dsDNA_Protein","101","0","rand","dsDNA_Protein","7u7b","1","2","A","B","70",0.9416053295135498
"boltz-1","dsDNA_Protein","101","1","rand","dsDNA_Protein","7u7c","1","2","A","B","40",0.9522892832756042
"boltz-1","dsDNA_Protein","101","1","rand","dsDNA_Protein","7u7f","1","2","A","B","105",0.9572775363922119
"boltz-1","dsDNA_Protein","101","3","rand","dsDNA_Protein","7u7g","1","2","A","B","95",0.9324237108230591
"boltz-1","dsDNA_Protein","101","1","rand","dsDNA_Protein","7u7i","1","2","A","B","140",0.9353381395339966
"boltz-1","dsDNA_Protein","101","4","rand","dsDNA_Protein","7u7j","1","2","A","B","55",0.9513459205627441
"boltz-1","dsDNA_Protein","101","4","rand","dsDNA_Protein","7u7k","1","2","A","B","80",0.9459226131439209
"boltz-1","dsDNA_Protein","101","2","rand","dsDNA_Protein","7u7l","1","2","A","B","155",0.9172650575637817
"boltz-1","dsDNA_Protein","101","0","rand","dsDNA_Protein","7ubl","1","2","A","B","160",0.7711259722709656
"boltz-1","dsDNA_Protein","101","1","rand","dsDNA_Protein","7vou","1","3","A","C","85",0.8129317760467529
"boltz-1","dsDNA_Protein","101","1","rand","dsDNA_Protein","7yho","1","2","A","B","60",0.1405348777770996
"boltz-1","dsDNA_Protein","101","3","rand","dsDNA_Protein","7yze","1","2","A","B","100",0.8676702976226807
"boltz-1","dsDNA_Protein","101","2","rand","dsDNA_Protein","7yzf","1","3","A","C","45",0.8679640293121338
"boltz-1","dsDNA_Protein","101","0","rand","dsDNA_Protein","7yzg","1","2","A","B","115",0.7727675437927246
"boltz-1","dsDNA_Protein","101","0","rand","dsDNA_Protein","7z0u","1","2","A","B","170",0.7062488794326782
"boltz-1","dsDNA_Protein","101","0","median","dsDNA_Protein","7eds","1","2","A","B","5",0.14880689978599548
"boltz-1","dsDNA_Protein","101","0","median","dsDNA_Protein","7n5u","1","2","A","B","125",0.6043246984481812
"boltz-1","dsDNA_Protein","101","2","median","dsDNA_Protein","7n5v","1","2","A","D","20",0.6716290712356567
"boltz-1","dsDNA_Protein","101","2","median","dsDNA_Protein","7n5w","1","2","A","B","50",0.44375625252723694
"boltz-1","dsDNA_Protein","101","3","median","dsDNA_Protein","7r6r","1","2","A","B","150",0.698328971862793
"boltz-1","dsDNA_Protein","101","4","median","dsDNA_Protein","7rcd","1","2","A","B","130",0.8095429539680481
"boltz-1","dsDNA_Protein","101","4","median","dsDNA_Protein","7rce","1","2","A","B","90",0.6026320457458496
"boltz-1","dsDNA_Protein","101","0","median","dsDNA_Protein","7rcf","1","2","A","B","65",0.6156998872756958
"boltz-1","dsDNA_Protein","101","4","median","dsDNA_Protein","7rcg","1","2","A","B","25",0.6119192838668823
"boltz-1","dsDNA_Protein","101","3","median","dsDNA_Protein","7rss","1","2","A","B","135",0.8716850280761719
"boltz-1","dsDNA_Protein","101","1","median","dsDNA_Protein","7t18","1","3","A","C","145",0.9320629239082336
"boltz-1","dsDNA_Protein","101","1","median","dsDNA_Protein","7t1a","1","3","A","C","10",0.926539421081543
"boltz-1","dsDNA_Protein","101","2","median","dsDNA_Protein","7t1b","1","3","A","C","0",0.925877034664154
"boltz-1","dsDNA_Protein","101","4","median","dsDNA_Protein","7tdw","1","2","A","B","75",0.7442456483840942
"boltz-1","dsDNA_Protein","101","3","median","dsDNA_Protein","7tdx","1","3","A","C","165",0.8088804483413696
"boltz-1","dsDNA_Protein","101","3","median","dsDNA_Protein","7txc","1","3","A","C","120",0.526508092880249
"boltz-1","dsDNA_Protein","101","3","median","dsDNA_Protein","7tz1","1","2","A","B","15",0.6773552894592285
"boltz-1","dsDNA_Protein","101","2","median","dsDNA_Protein","7u76","1","2","A","B","35",0.9471012949943542
"boltz-1","dsDNA_Protein","101","0","median","dsDNA_Protein","7u79","1","2","A","B","110",0.9459751844406128
"boltz-1","dsDNA_Protein","101","1","median","dsDNA_Protein","7u7a","1","2","A","B","30",0.934991717338562
"boltz-1","dsDNA_Protein","101","1","median","dsDNA_Protein","7u7b","1","2","A","B","70",0.9345047473907471
"boltz-1","dsDNA_Protein","101","1","median","dsDNA_Protein","7u7c","1","2","A","B","40",0.9522892832756042
"boltz-1","dsDNA_Protein","101","2","median","dsDNA_Protein","7u7f","1","2","A","B","105",0.9574933052062988
"boltz-1","dsDNA_Protein","101","0","median","dsDNA_Protein","7u7g","1","2","A","B","95",0.9467545747756958
"boltz-1","dsDNA_Protein","101","2","median","dsDNA_Protein","7u7i","1","2","A","B","140",0.9390460252761841
"boltz-1","dsDNA_Protein","101","1","median","dsDNA_Protein","7u7j","1","2","A","B","55",0.9476917386054993
"boltz-1","dsDNA_Protein","101","2","median","dsDNA_Protein","7u7k","1","2","A","B","80",0.9364109635353088
"boltz-1","dsDNA_Protein","101","1","median","dsDNA_Protein","7u7l","1","2","A","B","155",0.9192583560943604
"boltz-1","dsDNA_Protein","101","1","median","dsDNA_Protein","7ubl","1","2","A","B","160",0.7655076384544373
"boltz-1","dsDNA_Protein","101","4","median","dsDNA_Protein","7vou","1","3","A","C","85",0.8031983375549316
"boltz-1","dsDNA_Protein","101","2","median","dsDNA_Protein","7yho","1","2","A","B","60",0.18972276151180267
"boltz-1","dsDNA_Protein","101","3","median","dsDNA_Protein","7yze","1","2","A","B","100",0.8676702976226807
"boltz-1","dsDNA_Protein","101","4","median","dsDNA_Protein","7yzf","1","3","A","C","45",0.8607901334762573
"boltz-1","dsDNA_Protein","101","3","median","dsDNA_Protein","7yzg","1","2","A","B","115",0.7683367729187012
"boltz-1","dsDNA_Protein","101","3","median","dsDNA_Protein","7z0u","1","2","A","B","170",0.7176998257637024
"boltz-1","dsDNA_Protein","101","2","mean","dsDNA_Protein","7eds","1","2","A","B","5",0.1493918001651764
"boltz-1","dsDNA_Protein","101","0","mean","dsDNA_Protein","7n5u","1","2","A","B","125",0.6043246984481812
"boltz-1","dsDNA_Protein","101","2","mean","dsDNA_Protein","7n5v","1","2","A","D","20",0.6716290712356567
"boltz-1","dsDNA_Protein","101","2","mean","dsDNA_Protein","7n5w","1","2","A","B","50",0.44375625252723694
"boltz-1","dsDNA_Protein","101","3","mean","dsDNA_Protein","7r6r","1","2","A","B","150",0.698328971862793
"boltz-1","dsDNA_Protein","101","4","mean","dsDNA_Protein","7rcd","1","2","A","B","130",0.8095429539680481
"boltz-1","dsDNA_Protein","101","4","mean","dsDNA_Protein","7rce","1","2","A","B","90",0.6026320457458496
"boltz-1","dsDNA_Protein","101","0","mean","dsDNA_Protein","7rcf","1","2","A","B","65",0.6156998872756958
"boltz-1","dsDNA_Protein","101","4","mean","dsDNA_Protein","7rcg","1","2","A","B","25",0.6119192838668823
"boltz-1","dsDNA_Protein","101","2","mean","dsDNA_Protein","7rss","1","2","A","B","135",0.8718541264533997
"boltz-1","dsDNA_Protein","101","1","mean","dsDNA_Protein","7t18","1","3","A","C","145",0.9320629239082336
"boltz-1","dsDNA_Protein","101","2","mean","dsDNA_Protein","7t1a","1","3","A","C","10",0.9231743812561035
"boltz-1","dsDNA_Protein","101","2","mean","dsDNA_Protein","7t1b","1","3","A","C","0",0.925877034664154
"boltz-1","dsDNA_Protein","101","4","mean","dsDNA_Protein","7tdw","1","2","A","B","75",0.7442456483840942
"boltz-1","dsDNA_Protein","101","3","mean","dsDNA_Protein","7tdx","1","3","A","C","165",0.8088804483413696
"boltz-1","dsDNA_Protein","101","3","mean","dsDNA_Protein","7txc","1","3","A","C","120",0.526508092880249
"boltz-1","dsDNA_Protein","101","3","mean","dsDNA_Protein","7tz1","1","2","A","B","15",0.6773552894592285
"boltz-1","dsDNA_Protein","101","2","mean","dsDNA_Protein","7u76","1","2","A","B","35",0.9471012949943542
"boltz-1","dsDNA_Protein","101","2","mean","dsDNA_Protein","7u79","1","2","A","B","110",0.944028377532959
"boltz-1","dsDNA_Protein","101","1","mean","dsDNA_Protein","7u7a","1","2","A","B","30",0.934991717338562
"boltz-1","dsDNA_Protein","101","1","mean","dsDNA_Protein","7u7b","1","2","A","B","70",0.9345047473907471
"boltz-1","dsDNA_Protein","101","1","mean","dsDNA_Protein","7u7c","1","2","A","B","40",0.9522892832756042
"boltz-1","dsDNA_Protein","101","1","mean","dsDNA_Protein","7u7f","1","2","A","B","105",0.9572775363922119
"boltz-1","dsDNA_Protein","101","1","mean","dsDNA_Protein","7u7g","1","2","A","B","95",0.946351945400238
"boltz-1","dsDNA_Protein","101","2","mean","dsDNA_Protein","7u7i","1","2","A","B","140",0.9390460252761841
"boltz-1","dsDNA_Protein","101","0","mean","dsDNA_Protein","7u7j","1","2","A","B","55",0.9473025798797607
"boltz-1","dsDNA_Protein","101","2","mean","dsDNA_Protein","7u7k","1","2","A","B","80",0.9364109635353088
"boltz-1","dsDNA_Protein","101","1","mean","dsDNA_Protein","7u7l","1","2","A","B","155",0.9192583560943604
"boltz-1","dsDNA_Protein","101","1","mean","dsDNA_Protein","7ubl","1","2","A","B","160",0.7655076384544373
"boltz-1","dsDNA_Protein","101","0","mean","dsDNA_Protein","7vou","1","3","A","C","85",0.803946852684021
"boltz-1","dsDNA_Protein","101","2","mean","dsDNA_Protein","7yho","1","2","A","B","60",0.18972276151180267
"boltz-1","dsDNA_Protein","101","0","mean","dsDNA_Protein","7yze","1","2","A","B","100",0.8685067892074585
"boltz-1","dsDNA_Protein","101","4","mean","dsDNA_Protein","7yzf","1","3","A","C","45",0.8607901334762573
"boltz-1","dsDNA_Protein","101","3","mean","dsDNA_Protein","7yzg","1","2","A","B","115",0.7683367729187012
"boltz-1","dsDNA_Protein","101","3","mean","dsDNA_Protein","7z0u","1","2","A","B","170",0.7176998257637024
"boltz-1","dsDNA_Protein","101","0","best.confidence_score","dsDNA_Protein","7eds","1","2","A","B","5",0.14880689978599548
"boltz-1","dsDNA_Protein","101","0","best.confidence_score","dsDNA_Protein","7n5u","1","2","A","B","125",0.6043246984481812
"boltz-1","dsDNA_Protein","101","0","best.confidence_score","dsDNA_Protein","7n5v","1","2","A","D","20",0.6888178586959839
"boltz-1","dsDNA_Protein","101","0","best.confidence_score","dsDNA_Protein","7n5w","1","2","A","B","50",0.4327206015586853
"boltz-1","dsDNA_Protein","101","0","best.confidence_score","dsDNA_Protein","7r6r","1","2","A","B","150",0.7175326347351074
"boltz-1","dsDNA_Protein","101","0","best.confidence_score","dsDNA_Protein","7rcd","1","2","A","B","130",0.805835485458374
"boltz-1","dsDNA_Protein","101","0","best.confidence_score","dsDNA_Protein","7rce","1","2","A","B","90",0.5978208780288696
"boltz-1","dsDNA_Protein","101","0","best.confidence_score","dsDNA_Protein","7rcf","1","2","A","B","65",0.6156998872756958
"boltz-1","dsDNA_Protein","101","0","best.confidence_score","dsDNA_Protein","7rcg","1","2","A","B","25",0.6079925298690796
"boltz-1","dsDNA_Protein","101","0","best.confidence_score","dsDNA_Protein","7rss","1","2","A","B","135",0.8710495233535767
"boltz-1","dsDNA_Protein","101","0","best.confidence_score","dsDNA_Protein","7t18","1","3","A","C","145",0.929739236831665
"boltz-1","dsDNA_Protein","101","0","best.confidence_score","dsDNA_Protein","7t1a","1","3","A","C","10",0.9271728992462158
"boltz-1","dsDNA_Protein","101","0","best.confidence_score","dsDNA_Protein","7t1b","1","3","A","C","0",0.9308047294616699
"boltz-1","dsDNA_Protein","101","0","best.confidence_score","dsDNA_Protein","7tdw","1","2","A","B","75",0.7428929805755615
"boltz-1","dsDNA_Protein","101","0","best.confidence_score","dsDNA_Protein","7tdx","1","3","A","C","165",0.7831322550773621
"boltz-1","dsDNA_Protein","101","0","best.confidence_score","dsDNA_Protein","7txc","1","3","A","C","120",0.5232980251312256
"boltz-1","dsDNA_Protein","101","0","best.confidence_score","dsDNA_Protein","7tz1","1","2","A","B","15",0.6932580471038818
"boltz-1","dsDNA_Protein","101","0","best.confidence_score","dsDNA_Protein","7u76","1","2","A","B","35",0.9530301094055176
"boltz-1","dsDNA_Protein","101","0","best.confidence_score","dsDNA_Protein","7u79","1","2","A","B","110",0.9459751844406128
"boltz-1","dsDNA_Protein","101","0","best.confidence_score","dsDNA_Protein","7u7a","1","2","A","B","30",0.9455678462982178
"boltz-1","dsDNA_Protein","101","0","best.confidence_score","dsDNA_Protein","7u7b","1","2","A","B","70",0.9416053295135498
"boltz-1","dsDNA_Protein","101","0","best.confidence_score","dsDNA_Protein","7u7c","1","2","A","B","40",0.9571069478988647
"boltz-1","dsDNA_Protein","101","0","best.confidence_score","dsDNA_Protein","7u7f","1","2","A","B","105",0.9583660960197449
"boltz-1","dsDNA_Protein","101","0","best.confidence_score","dsDNA_Protein","7u7g","1","2","A","B","95",0.9467545747756958
"boltz-1","dsDNA_Protein","101","0","best.confidence_score","dsDNA_Protein","7u7i","1","2","A","B","140",0.9413771033287048
"boltz-1","dsDNA_Protein","101","0","best.confidence_score","dsDNA_Protein","7u7j","1","2","A","B","55",0.9473025798797607
"boltz-1","dsDNA_Protein","101","0","best.confidence_score","dsDNA_Protein","7u7k","1","2","A","B","80",0.9420344829559326
"boltz-1","dsDNA_Protein","101","0","best.confidence_score","dsDNA_Protein","7u7l","1","2","A","B","155",0.926558256149292
"boltz-1","dsDNA_Protein","101","0","best.confidence_score","dsDNA_Protein","7ubl","1","2","A","B","160",0.7711259722709656
"boltz-1","dsDNA_Protein","101","0","best.confidence_score","dsDNA_Protein","7vou","1","3","A","C","85",0.803946852684021
"boltz-1","dsDNA_Protein","101","0","best.confidence_score","dsDNA_Protein","7yho","1","2","A","B","60",0.15352533757686615
"boltz-1","dsDNA_Protein","101","0","best.confidence_score","dsDNA_Protein","7yze","1","2","A","B","100",0.8685067892074585
"boltz-1","dsDNA_Protein","101","0","best.confidence_score","dsDNA_Protein","7yzf","1","3","A","C","45",0.8673875331878662
"boltz-1","dsDNA_Protein","101","0","best.confidence_score","dsDNA_Protein","7yzg","1","2","A","B","115",0.7727675437927246
"boltz-1","dsDNA_Protein","101","0","best.confidence_score","dsDNA_Protein","7z0u","1","2","A","B","170",0.7062488794326782
"boltz-1","dsDNA_Protein","101","3","best.ptm","dsDNA_Protein","7eds","1","2","A","B","5",0.03138025477528572
"boltz-1","dsDNA_Protein","101","0","best.ptm","dsDNA_Protein","7n5u","1","2","A","B","125",0.6043246984481812
"boltz-1","dsDNA_Protein","101","0","best.ptm","dsDNA_Protein","7n5v","1","2","A","D","20",0.6888178586959839
"boltz-1","dsDNA_Protein","101","1","best.ptm","dsDNA_Protein","7n5w","1","2","A","B","50",0.432752400636673
"boltz-1","dsDNA_Protein","101","0","best.ptm","dsDNA_Protein","7r6r","1","2","A","B","150",0.7175326347351074
"boltz-1","dsDNA_Protein","101","1","best.ptm","dsDNA_Protein","7rcd","1","2","A","B","130",0.8182816505432129
"boltz-1","dsDNA_Protein","101","1","best.ptm","dsDNA_Protein","7rce","1","2","A","B","90",0.6138496398925781
"boltz-1","dsDNA_Protein","101","1","best.ptm","dsDNA_Protein","7rcf","1","2","A","B","65",0.6344968676567078
"boltz-1","dsDNA_Protein","101","1","best.ptm","dsDNA_Protein","7rcg","1","2","A","B","25",0.6170799732208252
"boltz-1","dsDNA_Protein","101","0","best.ptm","dsDNA_Protein","7rss","1","2","A","B","135",0.8710495233535767
"boltz-1","dsDNA_Protein","101","1","best.ptm","dsDNA_Protein","7t18","1","3","A","C","145",0.9320629239082336
"boltz-1","dsDNA_Protein","101","0","best.ptm","dsDNA_Protein","7t1a","1","3","A","C","10",0.9271728992462158
"boltz-1","dsDNA_Protein","101","1","best.ptm","dsDNA_Protein","7t1b","1","3","A","C","0",0.9230659604072571
"boltz-1","dsDNA_Protein","101","0","best.ptm","dsDNA_Protein","7tdw","1","2","A","B","75",0.7428929805755615
"boltz-1","dsDNA_Protein","101","0","best.ptm","dsDNA_Protein","7tdx","1","3","A","C","165",0.7831322550773621
"boltz-1","dsDNA_Protein","101","0","best.ptm","dsDNA_Protein","7txc","1","3","A","C","120",0.5232980251312256
"boltz-1","dsDNA_Protein","101","0","best.ptm","dsDNA_Protein","7tz1","1","2","A","B","15",0.6932580471038818
"boltz-1","dsDNA_Protein","101","2","best.ptm","dsDNA_Protein","7u76","1","2","A","B","35",0.9471012949943542
"boltz-1","dsDNA_Protein","101","1","best.ptm","dsDNA_Protein","7u79","1","2","A","B","110",0.9473782777786255
"boltz-1","dsDNA_Protein","101","1","best.ptm","dsDNA_Protein","7u7a","1","2","A","B","30",0.934991717338562
"boltz-1","dsDNA_Protein","101","1","best.ptm","dsDNA_Protein","7u7b","1","2","A","B","70",0.9345047473907471
"boltz-1","dsDNA_Protein","101","1","best.ptm","dsDNA_Protein","7u7c","1","2","A","B","40",0.9522892832756042
"boltz-1","dsDNA_Protein","101","2","best.ptm","dsDNA_Protein","7u7f","1","2","A","B","105",0.9574933052062988
"boltz-1","dsDNA_Protein","101","2","best.ptm","dsDNA_Protein","7u7g","1","2","A","B","95",0.9475407004356384
"boltz-1","dsDNA_Protein","101","2","best.ptm","dsDNA_Protein","7u7i","1","2","A","B","140",0.9390460252761841
"boltz-1","dsDNA_Protein","101","2","best.ptm","dsDNA_Protein","7u7j","1","2","A","B","55",0.9483721256256104
"boltz-1","dsDNA_Protein","101","2","best.ptm","dsDNA_Protein","7u7k","1","2","A","B","80",0.9364109635353088
"boltz-1","dsDNA_Protein","101","1","best.ptm","dsDNA_Protein","7u7l","1","2","A","B","155",0.9192583560943604
"boltz-1","dsDNA_Protein","101","0","best.ptm","dsDNA_Protein","7ubl","1","2","A","B","160",0.7711259722709656
"boltz-1","dsDNA_Protein","101","2","best.ptm","dsDNA_Protein","7vou","1","3","A","C","85",0.8016973733901978
"boltz-1","dsDNA_Protein","101","1","best.ptm","dsDNA_Protein","7yho","1","2","A","B","60",0.1405348777770996
"boltz-1","dsDNA_Protein","101","0","best.ptm","dsDNA_Protein","7yze","1","2","A","B","100",0.8685067892074585
"boltz-1","dsDNA_Protein","101","0","best.ptm","dsDNA_Protein","7yzf","1","3","A","C","45",0.8673875331878662
"boltz-1","dsDNA_Protein","101","0","best.ptm","dsDNA_Protein","7yzg","1","2","A","B","115",0.7727675437927246
"boltz-1","dsDNA_Protein","101","0","best.ptm","dsDNA_Protein","7z0u","1","2","A","B","170",0.7062488794326782
"boltz-1","dsDNA_Protein","101","3","best.iptm","dsDNA_Protein","7eds","1","2","A","B","5",0.03138025477528572
"boltz-1","dsDNA_Protein","101","2","best.iptm","dsDNA_Protein","7n5u","1","2","A","B","125",0.6146790385246277
"boltz-1","dsDNA_Protein","101","0","best.iptm","dsDNA_Protein","7n5v","1","2","A","D","20",0.6888178586959839
"boltz-1","dsDNA_Protein","101","0","best.iptm","dsDNA_Protein","7n5w","1","2","A","B","50",0.4327206015586853
"boltz-1","dsDNA_Protein","101","1","best.iptm","dsDNA_Protein","7r6r","1","2","A","B","150",0.6740365028381348
"boltz-1","dsDNA_Protein","101","2","best.iptm","dsDNA_Protein","7rcd","1","2","A","B","130",0.8067851066589355
"boltz-1","dsDNA_Protein","101","1","best.iptm","dsDNA_Protein","7rce","1","2","A","B","90",0.6138496398925781
"boltz-1","dsDNA_Protein","101","1","best.iptm","dsDNA_Protein","7rcf","1","2","A","B","65",0.6344968676567078
"boltz-1","dsDNA_Protein","101","1","best.iptm","dsDNA_Protein","7rcg","1","2","A","B","25",0.6170799732208252
"boltz-1","dsDNA_Protein","101","0","best.iptm","dsDNA_Protein","7rss","1","2","A","B","135",0.8710495233535767
"boltz-1","dsDNA_Protein","101","0","best.iptm","dsDNA_Protein","7t18","1","3","A","C","145",0.929739236831665
"boltz-1","dsDNA_Protein","101","1","best.iptm","dsDNA_Protein","7t1a","1","3","A","C","10",0.926539421081543
"boltz-1","dsDNA_Protein","101","0","best.iptm","dsDNA_Protein","7t1b","1","3","A","C","0",0.9308047294616699
"boltz-1","dsDNA_Protein","101","0","best.iptm","dsDNA_Protein","7tdw","1","2","A","B","75",0.7428929805755615
"boltz-1","dsDNA_Protein","101","4","best.iptm","dsDNA_Protein","7tdx","1","3","A","C","165",0.8121229410171509
"boltz-1","dsDNA_Protein","101","0","best.iptm","dsDNA_Protein","7txc","1","3","A","C","120",0.5232980251312256
"boltz-1","dsDNA_Protein","101","1","best.iptm","dsDNA_Protein","7tz1","1","2","A","B","15",0.6545592546463013
"boltz-1","dsDNA_Protein","101","2","best.iptm","dsDNA_Protein","7u76","1","2","A","B","35",0.9471012949943542
"boltz-1","dsDNA_Protein","101","1","best.iptm","dsDNA_Protein","7u79","1","2","A","B","110",0.9473782777786255
"boltz-1","dsDNA_Protein","101","1","best.iptm","dsDNA_Protein","7u7a","1","2","A","B","30",0.934991717338562
"boltz-1","dsDNA_Protein","101","1","best.iptm","dsDNA_Protein","7u7b","1","2","A","B","70",0.9345047473907471
"boltz-1","dsDNA_Protein","101","1","best.iptm","dsDNA_Protein","7u7c","1","2","A","B","40",0.9522892832756042
"boltz-1","dsDNA_Protein","101","1","best.iptm","dsDNA_Protein","7u7f","1","2","A","B","105",0.9572775363922119
"boltz-1","dsDNA_Protein","101","2","best.iptm","dsDNA_Protein","7u7g","1","2","A","B","95",0.9475407004356384
"boltz-1","dsDNA_Protein","101","2","best.iptm","dsDNA_Protein","7u7i","1","2","A","B","140",0.9390460252761841
"boltz-1","dsDNA_Protein","101","2","best.iptm","dsDNA_Protein","7u7j","1","2","A","B","55",0.9483721256256104
"boltz-1","dsDNA_Protein","101","1","best.iptm","dsDNA_Protein","7u7k","1","2","A","B","80",0.9351817965507507
"boltz-1","dsDNA_Protein","101","1","best.iptm","dsDNA_Protein","7u7l","1","2","A","B","155",0.9192583560943604
"boltz-1","dsDNA_Protein","101","2","best.iptm","dsDNA_Protein","7ubl","1","2","A","B","160",0.7658765316009521
"boltz-1","dsDNA_Protein","101","0","best.iptm","dsDNA_Protein","7vou","1","3","A","C","85",0.803946852684021
"boltz-1","dsDNA_Protein","101","2","best.iptm","dsDNA_Protein","7yho","1","2","A","B","60",0.18972276151180267
"boltz-1","dsDNA_Protein","101","4","best.iptm","dsDNA_Protein","7yze","1","2","A","B","100",0.8779508471488953
"boltz-1","dsDNA_Protein","101","1","best.iptm","dsDNA_Protein","7yzf","1","3","A","C","45",0.8589913845062256
"boltz-1","dsDNA_Protein","101","0","best.iptm","dsDNA_Protein","7yzg","1","2","A","B","115",0.7727675437927246
"boltz-1","dsDNA_Protein","101","0","best.iptm","dsDNA_Protein","7z0u","1","2","A","B","170",0.7062488794326782
"boltz-1","dsDNA_Protein","101","0","best.ligand_iptm","dsDNA_Protein","7eds","1","2","A","B","5",0.14880689978599548
"boltz-1","dsDNA_Protein","101","2","best.ligand_iptm","dsDNA_Protein","7n5u","1","2","A","B","125",0.6146790385246277
"boltz-1","dsDNA_Protein","101","2","best.ligand_iptm","dsDNA_Protein","7n5v","1","2","A","D","20",0.6716290712356567
"boltz-1","dsDNA_Protein","101","0","best.ligand_iptm","dsDNA_Protein","7n5w","1","2","A","B","50",0.4327206015586853
"boltz-1","dsDNA_Protein","101","2","best.ligand_iptm","dsDNA_Protein","7r6r","1","2","A","B","150",0.7011301517486572
"boltz-1","dsDNA_Protein","101","4","best.ligand_iptm","dsDNA_Protein","7rcd","1","2","A","B","130",0.8095429539680481
"boltz-1","dsDNA_Protein","101","3","best.ligand_iptm","dsDNA_Protein","7rce","1","2","A","B","90",0.6152993440628052
"boltz-1","dsDNA_Protein","101","0","best.ligand_iptm","dsDNA_Protein","7rcf","1","2","A","B","65",0.6156998872756958
"boltz-1","dsDNA_Protein","101","4","best.ligand_iptm","dsDNA_Protein","7rcg","1","2","A","B","25",0.6119192838668823
"boltz-1","dsDNA_Protein","101","2","best.ligand_iptm","dsDNA_Protein","7rss","1","2","A","B","135",0.8718541264533997
"boltz-1","dsDNA_Protein","101","1","best.ligand_iptm","dsDNA_Protein","7t18","1","3","A","C","145",0.9320629239082336
"boltz-1","dsDNA_Protein","101","1","best.ligand_iptm","dsDNA_Protein","7t1a","1","3","A","C","10",0.926539421081543
"boltz-1","dsDNA_Protein","101","0","best.ligand_iptm","dsDNA_Protein","7t1b","1","3","A","C","0",0.9308047294616699
"boltz-1","dsDNA_Protein","101","2","best.ligand_iptm","dsDNA_Protein","7tdw","1","2","A","B","75",0.7531992197036743
"boltz-1","dsDNA_Protein","101","2","best.ligand_iptm","dsDNA_Protein","7tdx","1","3","A","C","165",0.7934958934783936
"boltz-1","dsDNA_Protein","101","0","best.ligand_iptm","dsDNA_Protein","7txc","1","3","A","C","120",0.5232980251312256
"boltz-1","dsDNA_Protein","101","2","best.ligand_iptm","dsDNA_Protein","7tz1","1","2","A","B","15",0.6829714775085449
"boltz-1","dsDNA_Protein","101","0","best.ligand_iptm","dsDNA_Protein","7u76","1","2","A","B","35",0.9530301094055176
"boltz-1","dsDNA_Protein","101","0","best.ligand_iptm","dsDNA_Protein","7u79","1","2","A","B","110",0.9459751844406128
"boltz-1","dsDNA_Protein","101","0","best.ligand_iptm","dsDNA_Protein","7u7a","1","2","A","B","30",0.9455678462982178
"boltz-1","dsDNA_Protein","101","0","best.ligand_iptm","dsDNA_Protein","7u7b","1","2","A","B","70",0.9416053295135498
"boltz-1","dsDNA_Protein","101","0","best.ligand_iptm","dsDNA_Protein","7u7c","1","2","A","B","40",0.9571069478988647
"boltz-1","dsDNA_Protein","101","2","best.ligand_iptm","dsDNA_Protein","7u7f","1","2","A","B","105",0.9574933052062988
"boltz-1","dsDNA_Protein","101","0","best.ligand_iptm","dsDNA_Protein","7u7g","1","2","A","B","95",0.9467545747756958
"boltz-1","dsDNA_Protein","101","0","best.ligand_iptm","dsDNA_Protein","7u7i","1","2","A","B","140",0.9413771033287048
"boltz-1","dsDNA_Protein","101","0","best.ligand_iptm","dsDNA_Protein","7u7j","1","2","A","B","55",0.9473025798797607
"boltz-1","dsDNA_Protein","101","2","best.ligand_iptm","dsDNA_Protein","7u7k","1","2","A","B","80",0.9364109635353088
"boltz-1","dsDNA_Protein","101","0","best.ligand_iptm","dsDNA_Protein","7u7l","1","2","A","B","155",0.926558256149292
"boltz-1","dsDNA_Protein","101","0","best.ligand_iptm","dsDNA_Protein","7ubl","1","2","A","B","160",0.7711259722709656
"boltz-1","dsDNA_Protein","101","2","best.ligand_iptm","dsDNA_Protein","7vou","1","3","A","C","85",0.8016973733901978
"boltz-1","dsDNA_Protein","101","0","best.ligand_iptm","dsDNA_Protein","7yho","1","2","A","B","60",0.15352533757686615
"boltz-1","dsDNA_Protein","101","1","best.ligand_iptm","dsDNA_Protein","7yze","1","2","A","B","100",0.8635207414627075
"boltz-1","dsDNA_Protein","101","0","best.ligand_iptm","dsDNA_Protein","7yzf","1","3","A","C","45",0.8673875331878662
"boltz-1","dsDNA_Protein","101","2","best.ligand_iptm","dsDNA_Protein","7yzg","1","2","A","B","115",0.7707632780075073
"boltz-1","dsDNA_Protein","101","0","best.ligand_iptm","dsDNA_Protein","7z0u","1","2","A","B","170",0.7062488794326782
"boltz-1","dsDNA_Protein","101","2","best.protein_iptm","dsDNA_Protein","7eds","1","2","A","B","5",0.1493918001651764
"boltz-1","dsDNA_Protein","101","2","best.protein_iptm","dsDNA_Protein","7n5u","1","2","A","B","125",0.6146790385246277
"boltz-1","dsDNA_Protein","101","2","best.protein_iptm","dsDNA_Protein","7n5v","1","2","A","D","20",0.6716290712356567
"boltz-1","dsDNA_Protein","101","2","best.protein_iptm","dsDNA_Protein","7n5w","1","2","A","B","50",0.44375625252723694
"boltz-1","dsDNA_Protein","101","2","best.protein_iptm","dsDNA_Protein","7r6r","1","2","A","B","150",0.7011301517486572
"boltz-1","dsDNA_Protein","101","2","best.protein_iptm","dsDNA_Protein","7rcd","1","2","A","B","130",0.8067851066589355
"boltz-1","dsDNA_Protein","101","2","best.protein_iptm","dsDNA_Protein","7rce","1","2","A","B","90",0.5978937149047852
"boltz-1","dsDNA_Protein","101","2","best.protein_iptm","dsDNA_Protein","7rcf","1","2","A","B","65",0.6223187446594238
"boltz-1","dsDNA_Protein","101","2","best.protein_iptm","dsDNA_Protein","7rcg","1","2","A","B","25",0.6196777820587158
"boltz-1","dsDNA_Protein","101","2","best.protein_iptm","dsDNA_Protein","7rss","1","2","A","B","135",0.8718541264533997
"boltz-1","dsDNA_Protein","101","2","best.protein_iptm","dsDNA_Protein","7t18","1","3","A","C","145",0.939293622970581
"boltz-1","dsDNA_Protein","101","2","best.protein_iptm","dsDNA_Protein","7t1a","1","3","A","C","10",0.9231743812561035
"boltz-1","dsDNA_Protein","101","2","best.protein_iptm","dsDNA_Protein","7t1b","1","3","A","C","0",0.925877034664154
"boltz-1","dsDNA_Protein","101","2","best.protein_iptm","dsDNA_Protein","7tdw","1","2","A","B","75",0.7531992197036743
"boltz-1","dsDNA_Protein","101","2","best.protein_iptm","dsDNA_Protein","7tdx","1","3","A","C","165",0.7934958934783936
"boltz-1","dsDNA_Protein","101","2","best.protein_iptm","dsDNA_Protein","7txc","1","3","A","C","120",0.5339828729629517
"boltz-1","dsDNA_Protein","101","2","best.protein_iptm","dsDNA_Protein","7tz1","1","2","A","B","15",0.6829714775085449
"boltz-1","dsDNA_Protein","101","2","best.protein_iptm","dsDNA_Protein","7u76","1","2","A","B","35",0.9471012949943542
"boltz-1","dsDNA_Protein","101","2","best.protein_iptm","dsDNA_Protein","7u79","1","2","A","B","110",0.944028377532959
"boltz-1","dsDNA_Protein","101","2","best.protein_iptm","dsDNA_Protein","7u7a","1","2","A","B","30",0.9343766570091248
"boltz-1","dsDNA_Protein","101","2","best.protein_iptm","dsDNA_Protein","7u7b","1","2","A","B","70",0.9332835078239441
"boltz-1","dsDNA_Protein","101","2","best.protein_iptm","dsDNA_Protein","7u7c","1","2","A","B","40",0.9515582919120789
"boltz-1","dsDNA_Protein","101","2","best.protein_iptm","dsDNA_Protein","7u7f","1","2","A","B","105",0.9574933052062988
"boltz-1","dsDNA_Protein","101","2","best.protein_iptm","dsDNA_Protein","7u7g","1","2","A","B","95",0.9475407004356384
"boltz-1","dsDNA_Protein","101","2","best.protein_iptm","dsDNA_Protein","7u7i","1","2","A","B","140",0.9390460252761841
"boltz-1","dsDNA_Protein","101","2","best.protein_iptm","dsDNA_Protein","7u7j","1","2","A","B","55",0.9483721256256104
"boltz-1","dsDNA_Protein","101","2","best.protein_iptm","dsDNA_Protein","7u7k","1","2","A","B","80",0.9364109635353088
"boltz-1","dsDNA_Protein","101","2","best.protein_iptm","dsDNA_Protein","7u7l","1","2","A","B","155",0.9172650575637817
"boltz-1","dsDNA_Protein","101","2","best.protein_iptm","dsDNA_Protein","7ubl","1","2","A","B","160",0.7658765316009521
"boltz-1","dsDNA_Protein","101","2","best.protein_iptm","dsDNA_Protein","7vou","1","3","A","C","85",0.8016973733901978
"boltz-1","dsDNA_Protein","101","2","best.protein_iptm","dsDNA_Protein","7yho","1","2","A","B","60",0.18972276151180267
"boltz-1","dsDNA_Protein","101","2","best.protein_iptm","dsDNA_Protein","7yze","1","2","A","B","100",0.865196704864502
"boltz-1","dsDNA_Protein","101","2","best.protein_iptm","dsDNA_Protein","7yzf","1","3","A","C","45",0.8679640293121338
"boltz-1","dsDNA_Protein","101","2","best.protein_iptm","dsDNA_Protein","7yzg","1","2","A","B","115",0.7707632780075073
"boltz-1","dsDNA_Protein","101","2","best.protein_iptm","dsDNA_Protein","7z0u","1","2","A","B","170",0.7163791060447693
"boltz-1","dsDNA_Protein","101","0","best.complex_plddt","dsDNA_Protein","7eds","1","2","A","B","5",0.14880689978599548
"boltz-1","dsDNA_Protein","101","0","best.complex_plddt","dsDNA_Protein","7n5u","1","2","A","B","125",0.6043246984481812
"boltz-1","dsDNA_Protein","101","1","best.complex_plddt","dsDNA_Protein","7n5v","1","2","A","D","20",0.6677372455596924
"boltz-1","dsDNA_Protein","101","1","best.complex_plddt","dsDNA_Protein","7n5w","1","2","A","B","50",0.432752400636673
"boltz-1","dsDNA_Protein","101","0","best.complex_plddt","dsDNA_Protein","7r6r","1","2","A","B","150",0.7175326347351074
"boltz-1","dsDNA_Protein","101","0","best.complex_plddt","dsDNA_Protein","7rcd","1","2","A","B","130",0.805835485458374
"boltz-1","dsDNA_Protein","101","0","best.complex_plddt","dsDNA_Protein","7rce","1","2","A","B","90",0.5978208780288696
"boltz-1","dsDNA_Protein","101","0","best.complex_plddt","dsDNA_Protein","7rcf","1","2","A","B","65",0.6156998872756958
"boltz-1","dsDNA_Protein","101","0","best.complex_plddt","dsDNA_Protein","7rcg","1","2","A","B","25",0.6079925298690796
"boltz-1","dsDNA_Protein","101","0","best.complex_plddt","dsDNA_Protein","7rss","1","2","A","B","135",0.8710495233535767
"boltz-1","dsDNA_Protein","101","0","best.complex_plddt","dsDNA_Protein","7t18","1","3","A","C","145",0.929739236831665
"boltz-1","dsDNA_Protein","101","0","best.complex_plddt","dsDNA_Protein","7t1a","1","3","A","C","10",0.9271728992462158
"boltz-1","dsDNA_Protein","101","2","best.complex_plddt","dsDNA_Protein","7t1b","1","3","A","C","0",0.925877034664154
"boltz-1","dsDNA_Protein","101","0","best.complex_plddt","dsDNA_Protein","7tdw","1","2","A","B","75",0.7428929805755615
"boltz-1","dsDNA_Protein","101","0","best.complex_plddt","dsDNA_Protein","7tdx","1","3","A","C","165",0.7831322550773621
"boltz-1","dsDNA_Protein","101","0","best.complex_plddt","dsDNA_Protein","7txc","1","3","A","C","120",0.5232980251312256
"boltz-1","dsDNA_Protein","101","0","best.complex_plddt","dsDNA_Protein","7tz1","1","2","A","B","15",0.6932580471038818
"boltz-1","dsDNA_Protein","101","0","best.complex_plddt","dsDNA_Protein","7u76","1","2","A","B","35",0.9530301094055176
"boltz-1","dsDNA_Protein","101","0","best.complex_plddt","dsDNA_Protein","7u79","1","2","A","B","110",0.9459751844406128
"boltz-1","dsDNA_Protein","101","0","best.complex_plddt","dsDNA_Protein","7u7a","1","2","A","B","30",0.9455678462982178
"boltz-1","dsDNA_Protein","101","0","best.complex_plddt","dsDNA_Protein","7u7b","1","2","A","B","70",0.9416053295135498
"boltz-1","dsDNA_Protein","101","0","best.complex_plddt","dsDNA_Protein","7u7c","1","2","A","B","40",0.9571069478988647
"boltz-1","dsDNA_Protein","101","0","best.complex_plddt","dsDNA_Protein","7u7f","1","2","A","B","105",0.9583660960197449
"boltz-1","dsDNA_Protein","101","0","best.complex_plddt","dsDNA_Protein","7u7g","1","2","A","B","95",0.9467545747756958
"boltz-1","dsDNA_Protein","101","0","best.complex_plddt","dsDNA_Protein","7u7i","1","2","A","B","140",0.9413771033287048
"boltz-1","dsDNA_Protein","101","0","best.complex_plddt","dsDNA_Protein","7u7j","1","2","A","B","55",0.9473025798797607
"boltz-1","dsDNA_Protein","101","0","best.complex_plddt","dsDNA_Protein","7u7k","1","2","A","B","80",0.9420344829559326
"boltz-1","dsDNA_Protein","101","0","best.complex_plddt","dsDNA_Protein","7u7l","1","2","A","B","155",0.926558256149292
"boltz-1","dsDNA_Protein","101","0","best.complex_plddt","dsDNA_Protein","7ubl","1","2","A","B","160",0.7711259722709656
"boltz-1","dsDNA_Protein","101","0","best.complex_plddt","dsDNA_Protein","7vou","1","3","A","C","85",0.803946852684021
"boltz-1","dsDNA_Protein","101","0","best.complex_plddt","dsDNA_Protein","7yho","1","2","A","B","60",0.15352533757686615
"boltz-1","dsDNA_Protein","101","0","best.complex_plddt","dsDNA_Protein","7yze","1","2","A","B","100",0.8685067892074585
"boltz-1","dsDNA_Protein","101","0","best.complex_plddt","dsDNA_Protein","7yzf","1","3","A","C","45",0.8673875331878662
"boltz-1","dsDNA_Protein","101","0","best.complex_plddt","dsDNA_Protein","7yzg","1","2","A","B","115",0.7727675437927246
"boltz-1","dsDNA_Protein","101","0","best.complex_plddt","dsDNA_Protein","7z0u","1","2","A","B","170",0.7062488794326782
"boltz-1","dsDNA_Protein","101","0","best.complex_iplddt","dsDNA_Protein","7eds","1","2","A","B","5",0.14880689978599548
"boltz-1","dsDNA_Protein","101","1","best.complex_iplddt","dsDNA_Protein","7n5u","1","2","A","B","125",0.601974368095398
"boltz-1","dsDNA_Protein","101","3","best.complex_iplddt","dsDNA_Protein","7n5v","1","2","A","D","20",0.6812307834625244
"boltz-1","dsDNA_Protein","101","0","best.complex_iplddt","dsDNA_Protein","7n5w","1","2","A","B","50",0.4327206015586853
"boltz-1","dsDNA_Protein","101","0","best.complex_iplddt","dsDNA_Protein","7r6r","1","2","A","B","150",0.7175326347351074
"boltz-1","dsDNA_Protein","101","2","best.complex_iplddt","dsDNA_Protein","7rcd","1","2","A","B","130",0.8067851066589355
"boltz-1","dsDNA_Protein","101","0","best.complex_iplddt","dsDNA_Protein","7rce","1","2","A","B","90",0.5978208780288696
"boltz-1","dsDNA_Protein","101","0","best.complex_iplddt","dsDNA_Protein","7rcf","1","2","A","B","65",0.6156998872756958
"boltz-1","dsDNA_Protein","101","0","best.complex_iplddt","dsDNA_Protein","7rcg","1","2","A","B","25",0.6079925298690796
"boltz-1","dsDNA_Protein","101","0","best.complex_iplddt","dsDNA_Protein","7rss","1","2","A","B","135",0.8710495233535767
"boltz-1","dsDNA_Protein","101","4","best.complex_iplddt","dsDNA_Protein","7t18","1","3","A","C","145",0.9303245544433594
"boltz-1","dsDNA_Protein","101","4","best.complex_iplddt","dsDNA_Protein","7t1a","1","3","A","C","10",0.9174511432647705
"boltz-1","dsDNA_Protein","101","0","best.complex_iplddt","dsDNA_Protein","7t1b","1","3","A","C","0",0.9308047294616699
"boltz-1","dsDNA_Protein","101","1","best.complex_iplddt","dsDNA_Protein","7tdw","1","2","A","B","75",0.7375859022140503
"boltz-1","dsDNA_Protein","101","3","best.complex_iplddt","dsDNA_Protein","7tdx","1","3","A","C","165",0.8088804483413696
"boltz-1","dsDNA_Protein","101","0","best.complex_iplddt","dsDNA_Protein","7txc","1","3","A","C","120",0.5232980251312256
"boltz-1","dsDNA_Protein","101","0","best.complex_iplddt","dsDNA_Protein","7tz1","1","2","A","B","15",0.6932580471038818
"boltz-1","dsDNA_Protein","101","1","best.complex_iplddt","dsDNA_Protein","7u76","1","2","A","B","35",0.9437041282653809
"boltz-1","dsDNA_Protein","101","0","best.complex_iplddt","dsDNA_Protein","7u79","1","2","A","B","110",0.9459751844406128
"boltz-1","dsDNA_Protein","101","0","best.complex_iplddt","dsDNA_Protein","7u7a","1","2","A","B","30",0.9455678462982178
"boltz-1","dsDNA_Protein","101","0","best.complex_iplddt","dsDNA_Protein","7u7b","1","2","A","B","70",0.9416053295135498
"boltz-1","dsDNA_Protein","101","0","best.complex_iplddt","dsDNA_Protein","7u7c","1","2","A","B","40",0.9571069478988647
"boltz-1","dsDNA_Protein","101","2","best.complex_iplddt","dsDNA_Protein","7u7f","1","2","A","B","105",0.9574933052062988
"boltz-1","dsDNA_Protein","101","1","best.complex_iplddt","dsDNA_Protein","7u7g","1","2","A","B","95",0.946351945400238
"boltz-1","dsDNA_Protein","101","1","best.complex_iplddt","dsDNA_Protein","7u7i","1","2","A","B","140",0.9353381395339966
"boltz-1","dsDNA_Protein","101","1","best.complex_iplddt","dsDNA_Protein","7u7j","1","2","A","B","55",0.9476917386054993
"boltz-1","dsDNA_Protein","101","2","best.complex_iplddt","dsDNA_Protein","7u7k","1","2","A","B","80",0.9364109635353088
"boltz-1","dsDNA_Protein","101","0","best.complex_iplddt","dsDNA_Protein","7u7l","1","2","A","B","155",0.926558256149292
"boltz-1","dsDNA_Protein","101","1","best.complex_iplddt","dsDNA_Protein","7ubl","1","2","A","B","160",0.7655076384544373
"boltz-1","dsDNA_Protein","101","0","best.complex_iplddt","dsDNA_Protein","7vou","1","3","A","C","85",0.803946852684021
"boltz-1","dsDNA_Protein","101","0","best.complex_iplddt","dsDNA_Protein","7yho","1","2","A","B","60",0.15352533757686615
"boltz-1","dsDNA_Protein","101","2","best.complex_iplddt","dsDNA_Protein","7yze","1","2","A","B","100",0.865196704864502
"boltz-1","dsDNA_Protein","101","0","best.complex_iplddt","dsDNA_Protein","7yzf","1","3","A","C","45",0.8673875331878662
"boltz-1","dsDNA_Protein","101","0","best.complex_iplddt","dsDNA_Protein","7yzg","1","2","A","B","115",0.7727675437927246
"boltz-1","dsDNA_Protein","101","0","best.complex_iplddt","dsDNA_Protein","7z0u","1","2","A","B","170",0.7062488794326782
"boltz-1","dsDNA_Protein","101","0","best.complex_pde","dsDNA_Protein","7eds","1","2","A","B","5",0.14880689978599548
"boltz-1","dsDNA_Protein","101","0","best.complex_pde","dsDNA_Protein","7n5u","1","2","A","B","125",0.6043246984481812
"boltz-1","dsDNA_Protein","101","1","best.complex_pde","dsDNA_Protein","7n5v","1","2","A","D","20",0.6677372455596924
"boltz-1","dsDNA_Protein","101","1","best.complex_pde","dsDNA_Protein","7n5w","1","2","A","B","50",0.432752400636673
"boltz-1","dsDNA_Protein","101","0","best.complex_pde","dsDNA_Protein","7r6r","1","2","A","B","150",0.7175326347351074
"boltz-1","dsDNA_Protein","101","1","best.complex_pde","dsDNA_Protein","7rcd","1","2","A","B","130",0.8182816505432129
"boltz-1","dsDNA_Protein","101","1","best.complex_pde","dsDNA_Protein","7rce","1","2","A","B","90",0.6138496398925781
"boltz-1","dsDNA_Protein","101","1","best.complex_pde","dsDNA_Protein","7rcf","1","2","A","B","65",0.6344968676567078
"boltz-1","dsDNA_Protein","101","3","best.complex_pde","dsDNA_Protein","7rcg","1","2","A","B","25",0.5948275327682495
"boltz-1","dsDNA_Protein","101","0","best.complex_pde","dsDNA_Protein","7rss","1","2","A","B","135",0.8710495233535767
"boltz-1","dsDNA_Protein","101","1","best.complex_pde","dsDNA_Protein","7t18","1","3","A","C","145",0.9320629239082336
"boltz-1","dsDNA_Protein","101","0","best.complex_pde","dsDNA_Protein","7t1a","1","3","A","C","10",0.9271728992462158
"boltz-1","dsDNA_Protein","101","1","best.complex_pde","dsDNA_Protein","7t1b","1","3","A","C","0",0.9230659604072571
"boltz-1","dsDNA_Protein","101","0","best.complex_pde","dsDNA_Protein","7tdw","1","2","A","B","75",0.7428929805755615
"boltz-1","dsDNA_Protein","101","0","best.complex_pde","dsDNA_Protein","7tdx","1","3","A","C","165",0.7831322550773621
"boltz-1","dsDNA_Protein","101","0","best.complex_pde","dsDNA_Protein","7txc","1","3","A","C","120",0.5232980251312256
"boltz-1","dsDNA_Protein","101","0","best.complex_pde","dsDNA_Protein","7tz1","1","2","A","B","15",0.6932580471038818
"boltz-1","dsDNA_Protein","101","2","best.complex_pde","dsDNA_Protein","7u76","1","2","A","B","35",0.9471012949943542
"boltz-1","dsDNA_Protein","101","1","best.complex_pde","dsDNA_Protein","7u79","1","2","A","B","110",0.9473782777786255
"boltz-1","dsDNA_Protein","101","1","best.complex_pde","dsDNA_Protein","7u7a","1","2","A","B","30",0.934991717338562
"boltz-1","dsDNA_Protein","101","1","best.complex_pde","dsDNA_Protein","7u7b","1","2","A","B","70",0.9345047473907471
"boltz-1","dsDNA_Protein","101","1","best.complex_pde","dsDNA_Protein","7u7c","1","2","A","B","40",0.9522892832756042
"boltz-1","dsDNA_Protein","101","1","best.complex_pde","dsDNA_Protein","7u7f","1","2","A","B","105",0.9572775363922119
"boltz-1","dsDNA_Protein","101","2","best.complex_pde","dsDNA_Protein","7u7g","1","2","A","B","95",0.9475407004356384
"boltz-1","dsDNA_Protein","101","2","best.complex_pde","dsDNA_Protein","7u7i","1","2","A","B","140",0.9390460252761841
"boltz-1","dsDNA_Protein","101","2","best.complex_pde","dsDNA_Protein","7u7j","1","2","A","B","55",0.9483721256256104
"boltz-1","dsDNA_Protein","101","1","best.complex_pde","dsDNA_Protein","7u7k","1","2","A","B","80",0.9351817965507507
"boltz-1","dsDNA_Protein","101","1","best.complex_pde","dsDNA_Protein","7u7l","1","2","A","B","155",0.9192583560943604
"boltz-1","dsDNA_Protein","101","0","best.complex_pde","dsDNA_Protein","7ubl","1","2","A","B","160",0.7711259722709656
"boltz-1","dsDNA_Protein","101","2","best.complex_pde","dsDNA_Protein","7vou","1","3","A","C","85",0.8016973733901978
"boltz-1","dsDNA_Protein","101","1","best.complex_pde","dsDNA_Protein","7yho","1","2","A","B","60",0.1405348777770996
"boltz-1","dsDNA_Protein","101","0","best.complex_pde","dsDNA_Protein","7yze","1","2","A","B","100",0.8685067892074585
"boltz-1","dsDNA_Protein","101","0","best.complex_pde","dsDNA_Protein","7yzf","1","3","A","C","45",0.8673875331878662
"boltz-1","dsDNA_Protein","101","0","best.complex_pde","dsDNA_Protein","7yzg","1","2","A","B","115",0.7727675437927246
"boltz-1","dsDNA_Protein","101","0","best.complex_pde","dsDNA_Protein","7z0u","1","2","A","B","170",0.7062488794326782
"boltz-1","dsDNA_Protein","101","0","best.complex_ipde","dsDNA_Protein","7eds","1","2","A","B","5",0.14880689978599548
"boltz-1","dsDNA_Protein","101","1","best.complex_ipde","dsDNA_Protein","7n5u","1","2","A","B","125",0.601974368095398
"boltz-1","dsDNA_Protein","101","1","best.complex_ipde","dsDNA_Protein","7n5v","1","2","A","D","20",0.6677372455596924
"boltz-1","dsDNA_Protein","101","1","best.complex_ipde","dsDNA_Protein","7n5w","1","2","A","B","50",0.432752400636673
"boltz-1","dsDNA_Protein","101","0","best.complex_ipde","dsDNA_Protein","7r6r","1","2","A","B","150",0.7175326347351074
"boltz-1","dsDNA_Protein","101","1","best.complex_ipde","dsDNA_Protein","7rcd","1","2","A","B","130",0.8182816505432129
"boltz-1","dsDNA_Protein","101","1","best.complex_ipde","dsDNA_Protein","7rce","1","2","A","B","90",0.6138496398925781
"boltz-1","dsDNA_Protein","101","1","best.complex_ipde","dsDNA_Protein","7rcf","1","2","A","B","65",0.6344968676567078
"boltz-1","dsDNA_Protein","101","3","best.complex_ipde","dsDNA_Protein","7rcg","1","2","A","B","25",0.5948275327682495
"boltz-1","dsDNA_Protein","101","0","best.complex_ipde","dsDNA_Protein","7rss","1","2","A","B","135",0.8710495233535767
"boltz-1","dsDNA_Protein","101","1","best.complex_ipde","dsDNA_Protein","7t18","1","3","A","C","145",0.9320629239082336
"boltz-1","dsDNA_Protein","101","1","best.complex_ipde","dsDNA_Protein","7t1a","1","3","A","C","10",0.926539421081543
"boltz-1","dsDNA_Protein","101","0","best.complex_ipde","dsDNA_Protein","7t1b","1","3","A","C","0",0.9308047294616699
"boltz-1","dsDNA_Protein","101","4","best.complex_ipde","dsDNA_Protein","7tdw","1","2","A","B","75",0.7442456483840942
"boltz-1","dsDNA_Protein","101","4","best.complex_ipde","dsDNA_Protein","7tdx","1","3","A","C","165",0.8121229410171509
"boltz-1","dsDNA_Protein","101","0","best.complex_ipde","dsDNA_Protein","7txc","1","3","A","C","120",0.5232980251312256
"boltz-1","dsDNA_Protein","101","0","best.complex_ipde","dsDNA_Protein","7tz1","1","2","A","B","15",0.6932580471038818
"boltz-1","dsDNA_Protein","101","2","best.complex_ipde","dsDNA_Protein","7u76","1","2","A","B","35",0.9471012949943542
"boltz-1","dsDNA_Protein","101","1","best.complex_ipde","dsDNA_Protein","7u79","1","2","A","B","110",0.9473782777786255
"boltz-1","dsDNA_Protein","101","1","best.complex_ipde","dsDNA_Protein","7u7a","1","2","A","B","30",0.934991717338562
"boltz-1","dsDNA_Protein","101","1","best.complex_ipde","dsDNA_Protein","7u7b","1","2","A","B","70",0.9345047473907471
"boltz-1","dsDNA_Protein","101","1","best.complex_ipde","dsDNA_Protein","7u7c","1","2","A","B","40",0.9522892832756042
"boltz-1","dsDNA_Protein","101","1","best.complex_ipde","dsDNA_Protein","7u7f","1","2","A","B","105",0.9572775363922119
"boltz-1","dsDNA_Protein","101","2","best.complex_ipde","dsDNA_Protein","7u7g","1","2","A","B","95",0.9475407004356384
"boltz-1","dsDNA_Protein","101","2","best.complex_ipde","dsDNA_Protein","7u7i","1","2","A","B","140",0.9390460252761841
"boltz-1","dsDNA_Protein","101","2","best.complex_ipde","dsDNA_Protein","7u7j","1","2","A","B","55",0.9483721256256104
"boltz-1","dsDNA_Protein","101","1","best.complex_ipde","dsDNA_Protein","7u7k","1","2","A","B","80",0.9351817965507507
"boltz-1","dsDNA_Protein","101","1","best.complex_ipde","dsDNA_Protein","7u7l","1","2","A","B","155",0.9192583560943604
"boltz-1","dsDNA_Protein","101","0","best.complex_ipde","dsDNA_Protein","7ubl","1","2","A","B","160",0.7711259722709656
"boltz-1","dsDNA_Protein","101","0","best.complex_ipde","dsDNA_Protein","7vou","1","3","A","C","85",0.803946852684021
"boltz-1","dsDNA_Protein","101","3","best.complex_ipde","dsDNA_Protein","7yho","1","2","A","B","60",0.23939025402069092
"boltz-1","dsDNA_Protein","101","0","best.complex_ipde","dsDNA_Protein","7yze","1","2","A","B","100",0.8685067892074585
"boltz-1","dsDNA_Protein","101","0","best.complex_ipde","dsDNA_Protein","7yzf","1","3","A","C","45",0.8673875331878662
"boltz-1","dsDNA_Protein","101","0","best.complex_ipde","dsDNA_Protein","7yzg","1","2","A","B","115",0.7727675437927246
"boltz-1","dsDNA_Protein","101","0","best.complex_ipde","dsDNA_Protein","7z0u","1","2","A","B","170",0.7062488794326782
"boltz-1","dsDNA_Protein","101","3","best.pair_chains_iptm","dsDNA_Protein","7eds","1","2","A","B","5",0.03138025477528572
"boltz-1","dsDNA_Protein","101","0","best.pair_chains_iptm","dsDNA_Protein","7n5u","1","2","A","B","125",0.6043246984481812
"boltz-1","dsDNA_Protein","101","0","best.pair_chains_iptm","dsDNA_Protein","7n5v","1","2","A","D","20",0.6888178586959839
"boltz-1","dsDNA_Protein","101","1","best.pair_chains_iptm","dsDNA_Protein","7n5w","1","2","A","B","50",0.432752400636673
"boltz-1","dsDNA_Protein","101","1","best.pair_chains_iptm","dsDNA_Protein","7r6r","1","2","A","B","150",0.6740365028381348
"boltz-1","dsDNA_Protein","101","1","best.pair_chains_iptm","dsDNA_Protein","7rcd","1","2","A","B","130",0.8182816505432129
"boltz-1","dsDNA_Protein","101","1","best.pair_chains_iptm","dsDNA_Protein","7rce","1","2","A","B","90",0.6138496398925781
"boltz-1","dsDNA_Protein","101","1","best.pair_chains_iptm","dsDNA_Protein","7rcf","1","2","A","B","65",0.6344968676567078
"boltz-1","dsDNA_Protein","101","1","best.pair_chains_iptm","dsDNA_Protein","7rcg","1","2","A","B","25",0.6170799732208252
"boltz-1","dsDNA_Protein","101","0","best.pair_chains_iptm","dsDNA_Protein","7rss","1","2","A","B","135",0.8710495233535767
"boltz-1","dsDNA_Protein","101","2","best.pair_chains_iptm","dsDNA_Protein","7t18","1","3","A","C","145",0.939293622970581
"boltz-1","dsDNA_Protein","101","3","best.pair_chains_iptm","dsDNA_Protein","7t1a","1","3","A","C","10",0.9266006350517273
"boltz-1","dsDNA_Protein","101","3","best.pair_chains_iptm","dsDNA_Protein","7t1b","1","3","A","C","0",0.9298676252365112
"boltz-1","dsDNA_Protein","101","0","best.pair_chains_iptm","dsDNA_Protein","7tdw","1","2","A","B","75",0.7428929805755615
"boltz-1","dsDNA_Protein","101","4","best.pair_chains_iptm","dsDNA_Protein","7tdx","1","3","A","C","165",0.8121229410171509
"boltz-1","dsDNA_Protein","101","0","best.pair_chains_iptm","dsDNA_Protein","7txc","1","3","A","C","120",0.5232980251312256
"boltz-1","dsDNA_Protein","101","1","best.pair_chains_iptm","dsDNA_Protein","7tz1","1","2","A","B","15",0.6545592546463013
"boltz-1","dsDNA_Protein","101","2","best.pair_chains_iptm","dsDNA_Protein","7u76","1","2","A","B","35",0.9471012949943542
"boltz-1","dsDNA_Protein","101","1","best.pair_chains_iptm","dsDNA_Protein","7u79","1","2","A","B","110",0.9473782777786255
"boltz-1","dsDNA_Protein","101","1","best.pair_chains_iptm","dsDNA_Protein","7u7a","1","2","A","B","30",0.934991717338562
"boltz-1","dsDNA_Protein","101","1","best.pair_chains_iptm","dsDNA_Protein","7u7b","1","2","A","B","70",0.9345047473907471
"boltz-1","dsDNA_Protein","101","1","best.pair_chains_iptm","dsDNA_Protein","7u7c","1","2","A","B","40",0.9522892832756042
"boltz-1","dsDNA_Protein","101","1","best.pair_chains_iptm","dsDNA_Protein","7u7f","1","2","A","B","105",0.9572775363922119
"boltz-1","dsDNA_Protein","101","2","best.pair_chains_iptm","dsDNA_Protein","7u7g","1","2","A","B","95",0.9475407004356384
"boltz-1","dsDNA_Protein","101","2","best.pair_chains_iptm","dsDNA_Protein","7u7i","1","2","A","B","140",0.9390460252761841
"boltz-1","dsDNA_Protein","101","2","best.pair_chains_iptm","dsDNA_Protein","7u7j","1","2","A","B","55",0.9483721256256104
"boltz-1","dsDNA_Protein","101","1","best.pair_chains_iptm","dsDNA_Protein","7u7k","1","2","A","B","80",0.9351817965507507
"boltz-1","dsDNA_Protein","101","1","best.pair_chains_iptm","dsDNA_Protein","7u7l","1","2","A","B","155",0.9192583560943604
"boltz-1","dsDNA_Protein","101","0","best.pair_chains_iptm","dsDNA_Protein","7ubl","1","2","A","B","160",0.7711259722709656
"boltz-1","dsDNA_Protein","101","0","best.pair_chains_iptm","dsDNA_Protein","7vou","1","3","A","C","85",0.803946852684021
"boltz-1","dsDNA_Protein","101","0","best.pair_chains_iptm","dsDNA_Protein","7yho","1","2","A","B","60",0.15352533757686615
"boltz-1","dsDNA_Protein","101","0","best.pair_chains_iptm","dsDNA_Protein","7yze","1","2","A","B","100",0.8685067892074585
"boltz-1","dsDNA_Protein","101","1","best.pair_chains_iptm","dsDNA_Protein","7yzf","1","3","A","C","45",0.8589913845062256
"boltz-1","dsDNA_Protein","101","0","best.pair_chains_iptm","dsDNA_Protein","7yzg","1","2","A","B","115",0.7727675437927246
"boltz-1","dsDNA_Protein","101","0","best.pair_chains_iptm","dsDNA_Protein","7z0u","1","2","A","B","170",0.7062488794326782
